duration,epoch,mrr,hit,loss,loss_evolution
0.2995248595873515,29,1.1111111111111112,7.07070707070707,72.98899602890015,"[5.625674247741699, 5.6272478103637695, 5.629184722900391, 5.588070869445801, 5.6069560050964355, 5.611400127410889, 5.604454517364502, 5.617303371429443, 5.6176581382751465, 5.585277080535889, 5.610834121704102, 5.6219916343688965, 5.642943382263184]"
0.2995248595873515,1,1.1817521621443192,7.07070707070707,73.8048448562622,"[5.697169780731201, 5.684165000915527, 5.7053022384643555, 5.683323860168457, 5.704785346984863, 5.689357280731201, 5.679749965667725, 5.6619367599487305, 5.689135551452637, 5.678931713104248, 5.6864190101623535, 5.646320819854736, 5.598247528076172]"
