duration,epoch,mrr,hit,loss,loss_evolution
0.13139863014221193,0,1.8485947273826064,16.161616161616163,74.28917980194092,"[5.738778591156006, 5.742688179016113, 5.728689193725586, 5.744462490081787, 5.717716693878174, 5.7204976081848145, 5.715536117553711, 5.693892002105713, 5.706447601318359, 5.728188514709473, 5.684786319732666, 5.70158576965332, 5.665910720825195]"
0.13139863014221193,4,3.136123136123136,12.121212121212121,70.22821378707886,"[5.525803089141846, 5.4868974685668945, 5.49632453918457, 5.412070274353027, 5.401179790496826, 5.364255428314209, 5.4042887687683105, 5.4355669021606445, 5.384740829467773, 5.309576988220215, 5.436624526977539, 5.402994155883789, 5.167891025543213]"
