duration,epoch,mrr,hit,loss,loss_evolution
0.12495505809783936,0,1.5863765863765862,7.07070707070707,74.38603925704956,"[5.730203151702881, 5.732449531555176, 5.727931022644043, 5.7334771156311035, 5.71964168548584, 5.727269172668457, 5.7290496826171875, 5.723741054534912, 5.719058036804199, 5.707916259765625, 5.728113174438477, 5.728796482086182, 5.6783928871154785]"
0.12495505809783936,3,2.060415218309955,6.0606060606060606,69.40765905380249,"[5.407175064086914, 5.407827854156494, 5.480623245239258, 5.292543888092041, 5.471494674682617, 5.538171291351318, 5.3352251052856445, 5.362166881561279, 5.3480634689331055, 5.307812690734863, 5.35736083984375, 5.356381893157959, 4.742812156677246]"
