duration,epoch,mrr,hit,loss,loss_evolution
0.2982900023460388,29,0.4304954304954305,4.040404040404041,67.88529872894287,"[5.227581977844238, 5.303386688232422, 5.162922382354736, 5.1639862060546875, 5.362100124359131, 5.051309585571289, 5.309206485748291, 5.2007155418396, 5.34500789642334, 5.2805495262146, 5.257566928863525, 5.218010425567627, 5.002954959869385]"
0.2982900023460388,5,0.4564879564879565,4.040404040404041,68.60267448425293,"[5.233818531036377, 5.1457929611206055, 5.28331184387207, 5.235867977142334, 5.29075813293457, 5.182345390319824, 5.264432430267334, 5.192815780639648, 5.263338088989258, 5.3337554931640625, 5.249154090881348, 5.316894054412842, 5.610389709472656]"
