duration,epoch,mrr,hit,loss,loss_evolution
0.10551362832387289,0,40.15271765271765,49.494949494949495,73.38513660430908,"[5.658403396606445, 5.6563591957092285, 5.659793853759766, 5.650231838226318, 5.667722225189209, 5.653206825256348, 5.633677959442139, 5.643733024597168, 5.650373458862305, 5.652227878570557, 5.616398811340332, 5.625524997711182, 5.617483139038086]"
0.10551362832387289,0,40.15271765271765,49.494949494949495,73.38513660430908,"[5.658403396606445, 5.6563591957092285, 5.659793853759766, 5.650231838226318, 5.667722225189209, 5.653206825256348, 5.633677959442139, 5.643733024597168, 5.650373458862305, 5.652227878570557, 5.616398811340332, 5.625524997711182, 5.617483139038086]"
