duration,epoch,mrr,hit,loss,loss_evolution
0.11631592909495035,0,36.52537277537278,46.464646464646464,72.85903882980347,"[5.6371684074401855, 5.645531177520752, 5.628561973571777, 5.617990493774414, 5.618471622467041, 5.611271858215332, 5.614854335784912, 5.60489559173584, 5.607213973999023, 5.581356048583984, 5.574690341949463, 5.6121931076049805, 5.504839897155762]"
0.11631592909495035,0,36.52537277537278,46.464646464646464,72.85903882980347,"[5.6371684074401855, 5.645531177520752, 5.628561973571777, 5.617990493774414, 5.618471622467041, 5.611271858215332, 5.614854335784912, 5.60489559173584, 5.607213973999023, 5.581356048583984, 5.574690341949463, 5.6121931076049805, 5.504839897155762]"
