duration,epoch,mrr,hit,loss,loss_evolution
0.10263744592666627,0,1.3916947250280582,6.0606060606060606,74.44305610656738,"[5.732597827911377, 5.730798721313477, 5.7343525886535645, 5.729708671569824, 5.720670223236084, 5.732664108276367, 5.72402286529541, 5.73377799987793, 5.726339817047119, 5.733223915100098, 5.715837001800537, 5.724034309387207, 5.705028057098389]"
0.10263744592666627,0,1.3916947250280582,6.0606060606060606,74.44305610656738,"[5.732597827911377, 5.730798721313477, 5.7343525886535645, 5.729708671569824, 5.720670223236084, 5.732664108276367, 5.72402286529541, 5.73377799987793, 5.726339817047119, 5.733223915100098, 5.715837001800537, 5.724034309387207, 5.705028057098389]"
