duration,epoch,mrr,hit,loss,loss_evolution
0.11708118120829264,0,1.9793898581777367,7.07070707070707,74.2342700958252,"[5.736567974090576, 5.737991809844971, 5.72459602355957, 5.725462436676025, 5.726906776428223, 5.7196855545043945, 5.684453964233398, 5.717700004577637, 5.666158676147461, 5.687828540802002, 5.690363883972168, 5.672528266906738, 5.744026184082031]"
0.11708118120829264,2,2.6936026936026933,4.040404040404041,70.49837017059326,"[5.427720546722412, 5.5010294914245605, 5.423964023590088, 5.425232410430908, 5.480935096740723, 5.426246166229248, 5.467929840087891, 5.366276741027832, 5.465754985809326, 5.399137020111084, 5.416662216186523, 5.5213212966918945, 5.1761603355407715]"
