duration,epoch,mrr,hit,loss,loss_evolution
0.09738159577051798,0,0.6351866540439576,9.090909090909092,73.88078784942627,"[5.774422645568848, 5.740383148193359, 5.726839065551758, 5.700628757476807, 5.694440841674805, 5.696349620819092, 5.664393901824951, 5.708310127258301, 5.638168811798096, 5.653994083404541, 5.643799304962158, 5.6596293449401855, 5.579428195953369]"
0.09738159577051798,0,0.6351866540439576,9.090909090909092,73.88078784942627,"[5.774422645568848, 5.740383148193359, 5.726839065551758, 5.700628757476807, 5.694440841674805, 5.696349620819092, 5.664393901824951, 5.708310127258301, 5.638168811798096, 5.653994083404541, 5.643799304962158, 5.6596293449401855, 5.579428195953369]"
