duration,epoch,mrr,hit,loss,loss_evolution
0.11424627304077148,0,0.7578704882626451,9.090909090909092,74.3081316947937,"[5.735166072845459, 5.739786148071289, 5.724416732788086, 5.731044769287109, 5.722681999206543, 5.7388105392456055, 5.723968982696533, 5.7289323806762695, 5.716484546661377, 5.675947666168213, 5.71558952331543, 5.686728477478027, 5.66857385635376]"
0.11424627304077148,2,2.6374859708193044,6.0606060606060606,71.27660322189331,"[5.418442249298096, 5.489687442779541, 5.372927665710449, 5.431788921356201, 5.593488693237305, 5.510704517364502, 5.465244770050049, 5.470672607421875, 5.483165740966797, 5.435173988342285, 5.5182576179504395, 5.483108997344971, 5.603940010070801]"
