duration,epoch,mrr,hit,loss,loss_evolution
0.13395156065622965,0,0.6423888002835371,5.05050505050505,74.24402666091919,"[5.765718460083008, 5.723416328430176, 5.739225387573242, 5.736389636993408, 5.7139363288879395, 5.700863838195801, 5.714926242828369, 5.72310733795166, 5.694756031036377, 5.705265522003174, 5.6891865730285645, 5.672110080718994, 5.665124893188477]"
0.13395156065622965,0,0.6423888002835371,5.05050505050505,74.24402666091919,"[5.765718460083008, 5.723416328430176, 5.739225387573242, 5.736389636993408, 5.7139363288879395, 5.700863838195801, 5.714926242828369, 5.72310733795166, 5.694756031036377, 5.705265522003174, 5.6891865730285645, 5.672110080718994, 5.665124893188477]"
