duration,epoch,mrr,hit,loss,loss_evolution
0.12822484970092773,0,1.5449075252996822,9.090909090909092,74.46504259109497,"[5.732236385345459, 5.732186794281006, 5.737826347351074, 5.728987216949463, 5.719207763671875, 5.73043155670166, 5.719921112060547, 5.722701549530029, 5.715475559234619, 5.722531795501709, 5.725515365600586, 5.706055164337158, 5.771965980529785]"
0.12822484970092773,4,2.864594720655327,7.07070707070707,69.48640775680542,"[5.437517166137695, 5.345574378967285, 5.2880988121032715, 5.252833366394043, 5.342987537384033, 5.442415714263916, 5.4172468185424805, 5.4507317543029785, 5.3623366355896, 5.353253364562988, 5.393657207489014, 5.200962543487549, 5.198792457580566]"
