duration,epoch,mrr,hit,loss,loss_evolution
0.09412193298339844,0,22.039695197589932,30.303030303030305,73.13363027572632,"[5.619548797607422, 5.6324567794799805, 5.614367485046387, 5.629162788391113, 5.632452964782715, 5.666040420532227, 5.6229095458984375, 5.60417366027832, 5.615753650665283, 5.599006175994873, 5.620406627655029, 5.569094181060791, 5.70825719833374]"
0.09412193298339844,0,22.039695197589932,30.303030303030305,73.13363027572632,"[5.619548797607422, 5.6324567794799805, 5.614367485046387, 5.629162788391113, 5.632452964782715, 5.666040420532227, 5.6229095458984375, 5.60417366027832, 5.615753650665283, 5.599006175994873, 5.620406627655029, 5.569094181060791, 5.70825719833374]"
