duration,epoch,mrr,hit,loss,loss_evolution
0.11267924308776855,0,40.67433216556024,50.505050505050505,73.33785009384155,"[5.651113510131836, 5.670577526092529, 5.661749362945557, 5.65744161605835, 5.640931606292725, 5.650791645050049, 5.642877101898193, 5.647270679473877, 5.646942615509033, 5.628533363342285, 5.6491804122924805, 5.624496936798096, 5.565943717956543]"
0.11267924308776855,0,40.67433216556024,50.505050505050505,73.33785009384155,"[5.651113510131836, 5.670577526092529, 5.661749362945557, 5.65744161605835, 5.640931606292725, 5.650791645050049, 5.642877101898193, 5.647270679473877, 5.646942615509033, 5.628533363342285, 5.6491804122924805, 5.624496936798096, 5.565943717956543]"
