duration,epoch,mrr,hit,loss,loss_evolution
0.10016764402389526,0,43.07359307359307,49.494949494949495,73.51504039764404,"[5.652409553527832, 5.667133808135986, 5.653888702392578, 5.650697708129883, 5.645702362060547, 5.633917331695557, 5.649891376495361, 5.669844150543213, 5.653414726257324, 5.625231742858887, 5.638665199279785, 5.628965854644775, 5.7452778816223145]"
0.10016764402389526,0,43.07359307359307,49.494949494949495,73.51504039764404,"[5.652409553527832, 5.667133808135986, 5.653888702392578, 5.650697708129883, 5.645702362060547, 5.633917331695557, 5.649891376495361, 5.669844150543213, 5.653414726257324, 5.625231742858887, 5.638665199279785, 5.628965854644775, 5.7452778816223145]"
