duration,epoch,mrr,hit,loss
0.046539306640625,0,1.4758698092031426,5.05050505050505,74.09761953353882
0.046539306640625,0,1.4758698092031426,5.05050505050505,74.09761953353882
