duration,epoch,mrr,hit,loss
0.125461721420288,29,3.441652755378246,9.090909090909092,67.97449493408203
0.125461721420288,6,3.442412850307588,9.090909090909092,68.63858604431152
