duration,epoch,mrr,hit,loss
0.0467044750849405,0,0.7312594812594813,8.080808080808081,74.18088912963867
0.0467044750849405,0,0.7312594812594813,8.080808080808081,74.18088912963867
