duration,epoch,mrr,hit,loss
0.076483412583669,0,2.90759454588144,11.11111111111111,74.46424770355225
0.076483412583669,6,3.0713351262886865,9.090909090909092,69.47777652740479
