duration,epoch,mrr,hit,loss
0.1265021363894144,29,1.7751449330396698,7.07070707070707,67.90629243850708
0.1265021363894144,29,1.7751449330396698,7.07070707070707,67.90629243850708
