duration,epoch,mrr,hit,loss
0.047095517317454,0,1.543810506658804,14.14141414141414,74.37484169006348
0.047095517317454,0,1.543810506658804,14.14141414141414,74.37484169006348
