duration,epoch,mrr,hit,loss
0.0559353987375895,0,0.9177615756563124,10.1010101010101,74.35054159164429
0.0559353987375895,1,1.025533108866442,6.0606060606060606,73.18967723846436
