duration,epoch,mrr,hit,loss
0.126411493619283,0,1.754588004588005,8.080808080808081,74.38203620910645
0.126411493619283,29,3.655603655603656,7.07070707070707,68.58556318283081
