duration,epoch,mrr,hit,loss,loss_evolution
0.25348933537801105,29,0.6485601940147394,7.07070707070707,68.84496307373047,"[5.314080715179443, 5.1540327072143555, 5.299470901489258, 5.302789688110352, 5.396238803863525, 5.371936798095703, 5.233586311340332, 5.197267055511475, 5.104864597320557, 5.193175792694092, 5.193671703338623, 5.249400615692139, 5.834447383880615]"
0.25348933537801105,4,0.6577429304702032,7.07070707070707,68.2290768623352,"[5.2902960777282715, 5.188617706298828, 5.327108383178711, 5.313572406768799, 5.170612812042236, 5.40583610534668, 5.146876811981201, 5.2802228927612305, 5.2909836769104, 5.425426483154297, 5.094085216522217, 5.40487813949585, 4.890560150146484]"
