duration,epoch,mrr,hit,loss,loss_evolution
0.10483389695485433,0,2.6225074470688505,7.07070707070707,74.33169078826904,"[5.7396440505981445, 5.728638172149658, 5.713075160980225, 5.710451602935791, 5.712634086608887, 5.731945991516113, 5.705999374389648, 5.703272819519043, 5.6893205642700195, 5.7007317543029785, 5.695621967315674, 5.664851665496826, 5.835503578186035]"
0.10483389695485433,0,2.6225074470688505,7.07070707070707,74.33169078826904,"[5.7396440505981445, 5.728638172149658, 5.713075160980225, 5.710451602935791, 5.712634086608887, 5.731945991516113, 5.705999374389648, 5.703272819519043, 5.6893205642700195, 5.7007317543029785, 5.695621967315674, 5.664851665496826, 5.835503578186035]"
