duration,epoch,mrr,hit,loss,loss_evolution
0.12005543311436971,2,2.3006677418442116,12.121212121212121,71.77132415771484,"[5.475854873657227, 5.4801249504089355, 5.502159595489502, 5.513882637023926, 5.491486072540283, 5.554281234741211, 5.5585126876831055, 5.471107006072998, 5.50609016418457, 5.539739608764648, 5.5678815841674805, 5.474916458129883, 5.635287284851074]"
0.12005543311436971,3,2.825877825877826,11.11111111111111,71.56231021881104,"[5.562702178955078, 5.4143171310424805, 5.4932098388671875, 5.470325469970703, 5.511837005615234, 5.473249912261963, 5.402041435241699, 5.495681285858154, 5.549829006195068, 5.491177558898926, 5.567539691925049, 5.496160507202148, 5.634239196777344]"
