duration,epoch,mrr,hit,loss,loss_evolution
0.1107131282488505,1,2.098470080926221,8.080808080808081,74.00136041641235,"[5.698486804962158, 5.681171894073486, 5.685988903045654, 5.670295238494873, 5.6976847648620605, 5.685878753662109, 5.681897163391113, 5.678423881530762, 5.6851701736450195, 5.681764125823975, 5.667271614074707, 5.680997848510742, 5.806329250335693]"
0.1107131282488505,1,2.098470080926221,8.080808080808081,74.00136041641235,"[5.698486804962158, 5.681171894073486, 5.685988903045654, 5.670295238494873, 5.6976847648620605, 5.685878753662109, 5.681897163391113, 5.678423881530762, 5.6851701736450195, 5.681764125823975, 5.667271614074707, 5.680997848510742, 5.806329250335693]"
