duration,epoch,mrr,hit,loss,loss_evolution
0.15500257015228272,0,1.2125220458553791,9.090909090909092,74.27563381195068,"[5.737823486328125, 5.7208251953125, 5.727361679077148, 5.724634170532227, 5.727367401123047, 5.729006290435791, 5.724340438842773, 5.7251505851745605, 5.717252254486084, 5.705603122711182, 5.687781810760498, 5.695621967315674, 5.652865409851074]"
0.15500257015228272,3,3.424817738543229,8.080808080808081,69.73506593704224,"[5.292852401733398, 5.274204730987549, 5.314085483551025, 5.279704570770264, 5.262292861938477, 5.3921990394592285, 5.146022796630859, 5.41171407699585, 5.363044261932373, 5.4326019287109375, 5.431662082672119, 5.234546661376953, 5.900135040283203]"
