duration,epoch,mrr,hit,loss,loss_evolution
0.11810214519500732,1,0.769747824701385,10.1010101010101,71.51932334899902,"[5.576982498168945, 5.536862373352051, 5.515081882476807, 5.486001014709473, 5.427941799163818, 5.463468551635742, 5.423861503601074, 5.466717720031738, 5.35776424407959, 5.475741386413574, 5.539271354675293, 5.472690582275391, 5.776938438415527]"
0.11810214519500732,1,0.769747824701385,10.1010101010101,71.51932334899902,"[5.576982498168945, 5.536862373352051, 5.515081882476807, 5.486001014709473, 5.427941799163818, 5.463468551635742, 5.423861503601074, 5.466717720031738, 5.35776424407959, 5.475741386413574, 5.539271354675293, 5.472690582275391, 5.776938438415527]"
