duration,epoch,mrr,hit,loss,loss_evolution
0.10085476636886596,0,39.315069462128285,50.505050505050505,73.35812950134277,"[5.662298679351807, 5.664240837097168, 5.6488142013549805, 5.648616790771484, 5.661780834197998, 5.652259349822998, 5.653589248657227, 5.658707141876221, 5.6390910148620605, 5.632006645202637, 5.6146745681762695, 5.627248764038086, 5.594801425933838]"
0.10085476636886596,0,39.315069462128285,50.505050505050505,73.35812950134277,"[5.662298679351807, 5.664240837097168, 5.6488142013549805, 5.648616790771484, 5.661780834197998, 5.652259349822998, 5.653589248657227, 5.658707141876221, 5.6390910148620605, 5.632006645202637, 5.6146745681762695, 5.627248764038086, 5.594801425933838]"
