duration,epoch,mrr,hit,loss,loss_evolution
0.1020184834798177,0,42.08588539083895,50.505050505050505,73.50528717041016,"[5.6601738929748535, 5.655598163604736, 5.667428016662598, 5.657586097717285, 5.656291484832764, 5.642237663269043, 5.641233444213867, 5.654536724090576, 5.641313076019287, 5.631003379821777, 5.632143497467041, 5.633233070373535, 5.732508659362793]"
0.1020184834798177,0,42.08588539083895,50.505050505050505,73.50528717041016,"[5.6601738929748535, 5.655598163604736, 5.667428016662598, 5.657586097717285, 5.656291484832764, 5.642237663269043, 5.641233444213867, 5.654536724090576, 5.641313076019287, 5.631003379821777, 5.632143497467041, 5.633233070373535, 5.732508659362793]"
