duration,epoch,mrr,hit,loss
0.09907490809758501,0.0,1.0421856080826788,0.5831820900905353,0.02870948068721302
0.09907490809758501,0.0,1.0421856080826788,0.5831820900905353,0.02870948068721302
