duration,epoch,mrr,hit,loss
0.10279947386847597,0.0,1.731144895354405,2.10269292875367,0.12913575022032123
0.10279947386847597,0.0,1.731144895354405,2.10269292875367,0.12913575022032123
