duration,epoch,mrr,hit,loss
0.1505806816948784,10.333333333333334,0.9954024815481097,2.672476071782415,1.8695598194042344
0.1505806816948784,10.0,1.7590801561121392,2.672476071782415,1.55706374891062
