duration,epoch,mrr,hit,loss
0.3672700862089793,29.0,1.1614213508152902,8.080808080808081,71.51988101005554
0.3672700862089793,14.5,1.2701475012081072,8.080808080808081,72.84517621994019
