duration,epoch,mrr,hit,loss
0.20876424312591552,15.0,1.511334669229406,6.565656565656566,71.24611234664917
0.20876424312591552,2.0,2.1711378290325656,5.05050505050505,71.4753954410553
