duration,epoch,mrr,hit,loss
0.11349391142527254,1.0,0.8320718859934546,8.08080808080808,71.51463532447815
0.11349391142527254,0.5,1.3016668252853636,8.08080808080808,72.55296921730042
