duration,epoch,mrr,hit,loss
0.10969193975130714,0.0,1.198899304959911,8.080808080808081,74.44586682319641
0.10969193975130714,0.0,1.198899304959911,8.080808080808081,74.44586682319641
