duration,epoch,mrr,hit,loss
0.23882093429565424,1.5,2.532401867294915,8.585858585858587,72.07168054580688
0.23882093429565424,17.5,3.283002018812132,7.07070707070707,68.64372062683105
