duration,epoch,mrr,hit,loss
0.3920035223166147,29.0,0.8650808985033583,8.585858585858585,67.96536493301392
0.3920035223166147,7.0,0.9401678485903087,8.585858585858585,68.28752970695496
