duration,epoch,mrr,hit,loss
0.2301833947499593,17.5,33.11147526112579,41.41414141414141,72.08867120742798
0.2301833947499593,16.5,33.116459312162476,41.41414141414141,72.06875514984131
