duration,epoch,mrr,hit,loss
0.12700674732526135,0.0,40.48721340388007,48.48484848484848,73.37939691543579
0.12700674732526135,0.0,40.48721340388007,48.48484848484848,73.37939691543579
