duration,epoch,mrr,hit,loss
0.11458322604497265,0.0,43.903940629946824,49.494949494949495,73.37037515640259
0.11458322604497265,0.0,43.903940629946824,49.494949494949495,73.37037515640259
