duration,epoch,mrr,hit,loss
0.18864637613296503,14.5,32.61454594787928,43.43434343434344,72.57140874862671
0.18864637613296503,0.0,32.980969647636314,39.8989898989899,73.04807233810425
