duration,epoch,mrr,hit,loss,loss_evolution
0.11644630432128907,1,0.6646766450688019,6.0606060606060606,72.05083513259888,"[5.546382904052734, 5.494878768920898, 5.562808990478516, 5.501939296722412, 5.553586006164551, 5.514508247375488, 5.516143798828125, 5.449805736541748, 5.523377895355225, 5.507235527038574, 5.535700798034668, 5.517305374145508, 5.82716178894043]"
0.11644630432128907,0,1.60386652365262,6.0606060606060606,74.12750291824341,"[5.763988018035889, 5.742250919342041, 5.734804630279541, 5.729106426239014, 5.718497276306152, 5.690126419067383, 5.676908016204834, 5.716676235198975, 5.6888227462768555, 5.666161060333252, 5.658383369445801, 5.619168758392334, 5.722609043121338]"
