duration,epoch,mrr,hit,loss,loss_evolution
0.40838551918665567,29,1.474077269531815,9.090909090909092,71.19140291213989,"[5.433604717254639, 5.486545562744141, 5.423638343811035, 5.484014511108398, 5.529119491577148, 5.468651294708252, 5.4695234298706055, 5.385981559753418, 5.443835258483887, 5.4353718757629395, 5.5675578117370605, 5.55574893951416, 5.507810115814209]"
0.40838551918665567,29,1.474077269531815,9.090909090909092,71.19140291213989,"[5.433604717254639, 5.486545562744141, 5.423638343811035, 5.484014511108398, 5.529119491577148, 5.468651294708252, 5.4695234298706055, 5.385981559753418, 5.443835258483887, 5.4353718757629395, 5.5675578117370605, 5.55574893951416, 5.507810115814209]"
