duration,epoch,mrr,hit,loss,loss_evolution
0.2915099740028381,29,1.4944996523943892,7.07070707070707,70.04236650466919,"[5.4175262451171875, 5.420032501220703, 5.429643630981445, 5.359177112579346, 5.464318752288818, 5.183831214904785, 5.369853496551514, 5.228971004486084, 5.473512172698975, 5.427440643310547, 5.477370738983154, 5.469830513000488, 5.320858478546143]"
0.2915099740028381,1,1.6861598440545806,5.05050505050505,72.45848083496094,"[5.580076694488525, 5.605090141296387, 5.571056365966797, 5.582674026489258, 5.584937572479248, 5.5841240882873535, 5.599746227264404, 5.530046463012695, 5.565830707550049, 5.559681415557861, 5.534876823425293, 5.500040054321289, 5.660300254821777]"
