duration,epoch,mrr,hit,loss,loss_evolution
0.11068812211354574,0,1.196463469190742,8.080808080808081,74.43288660049438,"[5.7402496337890625, 5.737817764282227, 5.729339122772217, 5.723685264587402, 5.7312116622924805, 5.724738121032715, 5.726211071014404, 5.725808620452881, 5.726337909698486, 5.728853225708008, 5.720973014831543, 5.720914363861084, 5.696746826171875]"
0.11068812211354574,0,1.196463469190742,8.080808080808081,74.43288660049438,"[5.7402496337890625, 5.737817764282227, 5.729339122772217, 5.723685264587402, 5.7312116622924805, 5.724738121032715, 5.726211071014404, 5.725808620452881, 5.726337909698486, 5.728853225708008, 5.720973014831543, 5.720914363861084, 5.696746826171875]"
