duration,epoch,mrr,hit,loss,loss_evolution
0.3497851808865865,29,1.0892286560735758,11.11111111111111,68.76733875274658,"[5.343608856201172, 5.155076503753662, 5.275772571563721, 5.267459869384766, 5.296870231628418, 5.369722366333008, 5.212629795074463, 5.270732879638672, 5.199573516845703, 5.253509998321533, 5.209610462188721, 5.282111644744873, 5.630660057067871]"
0.3497851808865865,6,1.2351938020387219,11.11111111111111,68.63450241088867,"[5.200886249542236, 5.469996929168701, 5.307171821594238, 5.276413440704346, 5.254256725311279, 5.210961818695068, 5.256889820098877, 5.178089618682861, 5.272923469543457, 5.1762471199035645, 5.332029342651367, 5.279287815093994, 5.419348239898682]"
