duration,epoch,mrr,hit,loss,loss_evolution
0.16553287506103515,3,2.6814715785304015,8.080808080808081,69.73027086257935,"[5.324987888336182, 5.389487266540527, 5.198237419128418, 5.325613498687744, 5.403989791870117, 5.367276191711426, 5.351464748382568, 5.36240291595459, 5.248020648956299, 5.312512397766113, 5.252807140350342, 5.40214729309082, 5.791323661804199]"
0.16553287506103515,6,3.2791146761734993,7.07070707070707,68.62377977371216,"[5.3569440841674805, 5.277984619140625, 5.128780364990234, 5.3140869140625, 5.376730918884277, 5.314728260040283, 5.25773811340332, 5.233161449432373, 5.2159247398376465, 5.314054489135742, 5.2131476402282715, 5.256206035614014, 5.364292144775391]"
