duration,epoch,mrr,hit,loss,loss_evolution
0.11905695994695027,0,39.010341510341505,48.484848484848484,73.34064626693726,"[5.669795036315918, 5.662878036499023, 5.648745536804199, 5.649783134460449, 5.647674560546875, 5.646595001220703, 5.659669399261475, 5.641622543334961, 5.630797863006592, 5.633270740509033, 5.629084587097168, 5.639033794403076, 5.581696033477783]"
0.11905695994695027,0,39.010341510341505,48.484848484848484,73.34064626693726,"[5.669795036315918, 5.662878036499023, 5.648745536804199, 5.649783134460449, 5.647674560546875, 5.646595001220703, 5.659669399261475, 5.641622543334961, 5.630797863006592, 5.633270740509033, 5.629084587097168, 5.639033794403076, 5.581696033477783]"
