duration,epoch,mrr,hit,loss,loss_evolution
0.27530651887257895,29,30.395098728432064,43.43434343434344,72.14657735824585,"[5.540014743804932, 5.531598091125488, 5.575081825256348, 5.5424909591674805, 5.583939075469971, 5.572869777679443, 5.547834873199463, 5.524606227874756, 5.552309989929199, 5.529079437255859, 5.568159103393555, 5.558315277099609, 5.520277976989746]"
0.27530651887257895,0,31.127946127946128,36.36363636363637,73.09990453720093,"[5.644700527191162, 5.636825084686279, 5.635164737701416, 5.614931106567383, 5.659515380859375, 5.650609970092773, 5.638704299926758, 5.6072187423706055, 5.632217884063721, 5.6146650314331055, 5.612424373626709, 5.602977752685547, 5.549949645996094]"
