duration,epoch,mrr,hit,loss,loss_evolution
0.12398780186971028,0,43.69578134284017,48.484848484848484,73.36812019348145,"[5.65585994720459, 5.664223670959473, 5.6505022048950195, 5.632613658905029, 5.666961193084717, 5.659010410308838, 5.6472625732421875, 5.644080638885498, 5.6393561363220215, 5.637141227722168, 5.648858070373535, 5.623796463012695, 5.598453998565674]"
0.12398780186971028,0,43.69578134284017,48.484848484848484,73.36812019348145,"[5.65585994720459, 5.664223670959473, 5.6505022048950195, 5.632613658905029, 5.666961193084717, 5.659010410308838, 5.6472625732421875, 5.644080638885498, 5.6393561363220215, 5.637141227722168, 5.648858070373535, 5.623796463012695, 5.598453998565674]"
