duration,epoch,mrr,hit,loss
89.59301198085149,4.2,30.570939150268458,70.50520591076604,14209.49134645462
89.59301198085149,9.4,30.641361244683093,70.46692189344877,13831.081817197799
