duration,epoch,mrr,hit,loss
86.4807936445872,2.4,29.7710939293489,70.51880210383199,14365.995952939988
86.4807936445872,7.8,29.975045428744615,70.29804286378763,13633.114271736145
