duration,epoch,mrr,hit,loss
114.82435827334723,13.0,30.176374216167613,69.49801424022326,15201.089982748032
114.82435827334723,12.6,30.179948632629937,69.49300511646211,15195.707627248765
