duration,epoch,mrr,hit,loss,loss_evolution
0.09548561175664266,0,0.5909232379820616,6.0606060606060606,73.82566738128662,"[5.727643966674805, 5.723284721374512, 5.731967926025391, 5.7181620597839355, 5.759397506713867, 5.727288722991943, 5.696642875671387, 5.68651008605957, 5.668687343597412, 5.659849643707275, 5.6726531982421875, 5.6396942138671875, 5.413885116577148]"
0.09548561175664266,0,0.5909232379820616,6.0606060606060606,73.82566738128662,"[5.727643966674805, 5.723284721374512, 5.731967926025391, 5.7181620597839355, 5.759397506713867, 5.727288722991943, 5.696642875671387, 5.68651008605957, 5.668687343597412, 5.659849643707275, 5.6726531982421875, 5.6396942138671875, 5.413885116577148]"
