duration,epoch,mrr,hit,loss,loss_evolution
0.11073070764541626,1,0.8196797590736984,9.090909090909092,73.27153730392456,"[5.684708118438721, 5.671010971069336, 5.6509175300598145, 5.6331963539123535, 5.580690383911133, 5.646567344665527, 5.648651123046875, 5.669565200805664, 5.649106025695801, 5.574752330780029, 5.547631740570068, 5.526829719543457, 5.787910461425781]"
0.11073070764541626,2,0.824788286909499,8.080808080808081,71.86541271209717,"[5.555653095245361, 5.589290142059326, 5.466679096221924, 5.52438497543335, 5.497153282165527, 5.499661922454834, 5.574812412261963, 5.569958686828613, 5.416109561920166, 5.579534530639648, 5.496159076690674, 5.473477840423584, 5.622538089752197]"
