duration,epoch,mrr,hit,loss,loss_evolution
0.10261255105336507,0,1.1702616008836102,8.080808080808081,74.45330142974854,"[5.729239463806152, 5.736342906951904, 5.733290195465088, 5.727194786071777, 5.7301106452941895, 5.725324630737305, 5.727259635925293, 5.724384784698486, 5.732541084289551, 5.7243194580078125, 5.730956554412842, 5.7161383628845215, 5.716198921203613]"
0.10261255105336507,0,1.1702616008836102,8.080808080808081,74.45330142974854,"[5.729239463806152, 5.736342906951904, 5.733290195465088, 5.727194786071777, 5.7301106452941895, 5.725324630737305, 5.727259635925293, 5.724384784698486, 5.732541084289551, 5.7243194580078125, 5.730956554412842, 5.7161383628845215, 5.716198921203613]"
