duration,epoch,mrr,hit,loss,loss_evolution
0.2621413270632426,0,1.0594399988339382,7.07070707070707,74.29900026321411,"[5.7404680252075195, 5.735236167907715, 5.720221996307373, 5.743850231170654, 5.700615406036377, 5.703800201416016, 5.703089714050293, 5.690370559692383, 5.707098007202148, 5.677083969116211, 5.702010631561279, 5.680020332336426, 5.795135021209717]"
0.2621413270632426,29,2.0417853751187085,5.05050505050505,70.51180219650269,"[5.381692409515381, 5.310687065124512, 5.385694980621338, 5.4562811851501465, 5.420748233795166, 5.399158477783203, 5.403594970703125, 5.382847785949707, 5.396580219268799, 5.43657112121582, 5.46298360824585, 5.489837646484375, 5.585124492645264]"
