duration,epoch,mrr,hit,loss,loss_evolution
0.09193606774012247,0,31.685759010320407,42.42424242424242,73.08382034301758,"[5.611851692199707, 5.672856330871582, 5.626724720001221, 5.667998790740967, 5.6288886070251465, 5.617116928100586, 5.625066757202148, 5.643923282623291, 5.6200666427612305, 5.610800266265869, 5.584887504577637, 5.595965385437012, 5.577673435211182]"
0.09193606774012247,0,31.685759010320407,42.42424242424242,73.08382034301758,"[5.611851692199707, 5.672856330871582, 5.626724720001221, 5.667998790740967, 5.6288886070251465, 5.617116928100586, 5.625066757202148, 5.643923282623291, 5.6200666427612305, 5.610800266265869, 5.584887504577637, 5.595965385437012, 5.577673435211182]"
