duration,epoch,mrr,hit,loss,loss_evolution
0.11407450834910075,0,41.28470476509692,50.505050505050505,73.46026086807251,"[5.662211894989014, 5.658541202545166, 5.649021625518799, 5.651763916015625, 5.6578049659729, 5.6466569900512695, 5.652112007141113, 5.636218070983887, 5.65167236328125, 5.646121978759766, 5.6332244873046875, 5.626096248626709, 5.688815116882324]"
0.11407450834910075,0,41.28470476509692,50.505050505050505,73.46026086807251,"[5.662211894989014, 5.658541202545166, 5.649021625518799, 5.651763916015625, 5.6578049659729, 5.6466569900512695, 5.652112007141113, 5.636218070983887, 5.65167236328125, 5.646121978759766, 5.6332244873046875, 5.626096248626709, 5.688815116882324]"
