duration,epoch,mrr,hit,loss,loss_evolution
0.09452853997548422,0,35.961330047782816,42.42424242424242,73.03944969177246,"[5.642697811126709, 5.629077911376953, 5.622653007507324, 5.622382640838623, 5.639036655426025, 5.5882768630981445, 5.620578765869141, 5.617948532104492, 5.622949600219727, 5.575082302093506, 5.576623439788818, 5.60247802734375, 5.679664134979248]"
0.09452853997548422,0,35.961330047782816,42.42424242424242,73.03944969177246,"[5.642697811126709, 5.629077911376953, 5.622653007507324, 5.622382640838623, 5.639036655426025, 5.5882768630981445, 5.620578765869141, 5.617948532104492, 5.622949600219727, 5.575082302093506, 5.576623439788818, 5.60247802734375, 5.679664134979248]"
