Key,duration,epoch,hit,data
00011,93.5501619108518,10.7,65.56477870406812,yoochoose1_64
