duration,epoch,mrr,hit,loss
93.55016191085181,15.7,27.03355725275519,65.57533364342194,15959.97701830864
93.55016191085181,10.7,27.04064989257809,65.56477870406812,15962.175000691414
