Key,duration,epoch,mrr,data
00011,93.5501619108518,15.7,27.03355725275519,yoochoose1_64
