Key,duration,epoch,hit,data
00011,41.39995878020922,0.4,12.578446456044936,yoochoose1_64
