duration,epoch,mrr,hit,loss
41.39995878020922,0.0,2.8466112631889358,12.629789974596585,36255.32487821579
41.39995878020922,0.4,2.8602870484435403,12.578446456044936,36000.694504070285
