Key,duration,epoch,mrr,data
00011,41.39995878020922,0.0,2.846611263188936,yoochoose1_64
