duration,epoch,mrr,hit,loss,loss_evolution
0.12884315252304077,3,1.1987297214569939,5.05050505050505,73.30125761032104,"[5.622928619384766, 5.650204658508301, 5.62624979019165, 5.639996528625488, 5.6242218017578125, 5.587369441986084, 5.631628513336182, 5.638058662414551, 5.659585952758789, 5.620224475860596, 5.664076328277588, 5.632559299468994, 5.704153537750244]"
0.12884315252304077,0,1.8278018278018275,4.040404040404041,74.4343318939209,"[5.730262279510498, 5.731878757476807, 5.727975845336914, 5.737148284912109, 5.736873626708984, 5.729474067687988, 5.730684757232666, 5.727131366729736, 5.73378849029541, 5.720442295074463, 5.718752384185791, 5.717653274536133, 5.692266464233398]"
