duration,epoch,mrr,hit,loss,loss_evolution
0.10975261131922404,2,0.6486432957021192,7.07070707070707,70.08514261245728,"[5.375787258148193, 5.4003801345825195, 5.372902870178223, 5.375718593597412, 5.353083610534668, 5.495388984680176, 5.389776706695557, 5.3625264167785645, 5.2895965576171875, 5.329997539520264, 5.421311855316162, 5.290976524353027, 5.627695560455322]"
0.10975261131922404,0,1.1731869781405386,4.040404040404041,73.94605350494385,"[5.776968955993652, 5.712841987609863, 5.737736225128174, 5.705570697784424, 5.701781749725342, 5.711634635925293, 5.707322597503662, 5.657594203948975, 5.6804280281066895, 5.608763217926025, 5.720069408416748, 5.603538990020752, 5.621802806854248]"
