duration,epoch,mrr,hit,loss,loss_evolution
0.32450830141703285,29,0.22621728117084156,4.040404040404041,67.06697273254395,"[5.2005295753479, 5.243098735809326, 5.135583877563477, 5.338699817657471, 5.049144268035889, 5.115464687347412, 4.990605354309082, 5.226933479309082, 5.310218334197998, 5.254723072052002, 5.177030563354492, 5.088306427001953, 4.936634540557861]"
0.32450830141703285,1,0.3027602225463188,4.040404040404041,69.72403001785278,"[5.458215236663818, 5.518990993499756, 5.502169132232666, 5.418869495391846, 5.446528911590576, 5.400279521942139, 5.439713954925537, 5.379982948303223, 5.439831733703613, 5.352683067321777, 5.513134956359863, 5.360588550567627, 4.493041515350342]"
