duration,epoch,mrr,hit,loss,loss_evolution
0.13005626996358235,0,2.082269582269582,10.1010101010101,74.34290218353271,"[5.740471363067627, 5.731948375701904, 5.734193325042725, 5.7318620681762695, 5.730295181274414, 5.730295181274414, 5.71563720703125, 5.716123104095459, 5.712362289428711, 5.7005720138549805, 5.704748153686523, 5.71084451675415, 5.683549404144287]"
0.13005626996358235,2,2.8762767733355967,8.080808080808081,69.98730182647705,"[5.314852714538574, 5.5104451179504395, 5.3988037109375, 5.374206066131592, 5.278542995452881, 5.358938694000244, 5.539797782897949, 5.422928333282471, 5.396732807159424, 5.432753086090088, 5.32071590423584, 5.158687591552734, 5.4798970222473145]"
