duration,epoch,mrr,hit,loss,loss_evolution
0.1110699454943339,1,1.256752506752507,9.090909090909092,73.93450546264648,"[5.7011213302612305, 5.696845531463623, 5.6922760009765625, 5.694958686828613, 5.690104961395264, 5.689195156097412, 5.662141799926758, 5.681160926818848, 5.685530185699463, 5.6763129234313965, 5.671638011932373, 5.668532848358154, 5.724687099456787]"
0.1110699454943339,0,1.6538399871733205,8.080808080808081,74.43304681777954,"[5.732168674468994, 5.734667778015137, 5.729738712310791, 5.733438014984131, 5.734342098236084, 5.729693412780762, 5.723724842071533, 5.728802680969238, 5.716628551483154, 5.713344097137451, 5.730808258056641, 5.723011493682861, 5.702678203582764]"
