duration,epoch,mrr,hit,loss,loss_evolution
0.10229306221008301,0,1.771724759692674,16.161616161616163,74.23050785064697,"[5.7372727394104, 5.720670223236084, 5.7380170822143555, 5.726533889770508, 5.727663040161133, 5.723813056945801, 5.712197303771973, 5.684840679168701, 5.662911891937256, 5.7088398933410645, 5.703014373779297, 5.688750743865967, 5.695982933044434]"
0.10229306221008301,0,1.771724759692674,16.161616161616163,74.23050785064697,"[5.7372727394104, 5.720670223236084, 5.7380170822143555, 5.726533889770508, 5.727663040161133, 5.723813056945801, 5.712197303771973, 5.684840679168701, 5.662911891937256, 5.7088398933410645, 5.703014373779297, 5.688750743865967, 5.695982933044434]"
