duration,epoch,mrr,hit,loss,loss_evolution
0.14914358456929525,3,3.332469999136666,8.080808080808081,69.0296401977539,"[5.314536094665527, 5.421794891357422, 5.285594940185547, 5.3547773361206055, 5.019611358642578, 5.287525177001953, 5.339735507965088, 5.358333110809326, 5.293709754943848, 5.3219099044799805, 5.220155715942383, 5.299349784851074, 5.512606620788574]"
0.14914358456929525,2,3.362524532310628,8.080808080808081,69.66317367553711,"[5.315740585327148, 5.40517520904541, 5.376120090484619, 5.264216899871826, 5.366679668426514, 5.3456830978393555, 5.369085788726807, 5.2134904861450195, 5.287655830383301, 5.289151191711426, 5.303434371948242, 5.412728309631348, 5.714012145996094]"
