duration,epoch,mrr,hit,loss,loss_evolution
0.13252311547597248,0,23.328400303139958,33.33333333333333,73.05593872070312,"[5.658706188201904, 5.641329765319824, 5.628625392913818, 5.639707088470459, 5.636448383331299, 5.619598865509033, 5.614222526550293, 5.654386043548584, 5.611066818237305, 5.606191635131836, 5.6154093742370605, 5.593458652496338, 5.536787986755371]"
0.13252311547597248,0,23.328400303139958,33.33333333333333,73.05593872070312,"[5.658706188201904, 5.641329765319824, 5.628625392913818, 5.639707088470459, 5.636448383331299, 5.619598865509033, 5.614222526550293, 5.654386043548584, 5.611066818237305, 5.606191635131836, 5.6154093742370605, 5.593458652496338, 5.536787986755371]"
