duration,epoch,mrr,hit,loss,loss_evolution
0.29835253159205116,29,0.46301508375811773,7.07070707070707,72.3618483543396,"[5.5688066482543945, 5.562920093536377, 5.515862464904785, 5.6252121925354, 5.5087785720825195, 5.5853776931762695, 5.4769392013549805, 5.644222259521484, 5.4967474937438965, 5.5637125968933105, 5.581440448760986, 5.570580005645752, 5.661248683929443]"
0.29835253159205116,0,0.6523569023569022,3.0303030303030303,74.3606104850769,"[5.736018180847168, 5.7181596755981445, 5.731378078460693, 5.726407051086426, 5.729177474975586, 5.722744941711426, 5.7372260093688965, 5.738387584686279, 5.736291885375977, 5.7261152267456055, 5.732060432434082, 5.729889392852783, 5.596754550933838]"
