duration,epoch,mrr,hit,loss,loss_evolution
0.10127735137939453,0,1.5555740555740554,8.080808080808081,74.46269226074219,"[5.7386016845703125, 5.731844902038574, 5.7348222732543945, 5.7277631759643555, 5.725154399871826, 5.730794906616211, 5.731521129608154, 5.720262050628662, 5.717357158660889, 5.720815658569336, 5.727192401885986, 5.729759693145752, 5.726802825927734]"
0.10127735137939453,0,1.5555740555740554,8.080808080808081,74.46269226074219,"[5.7386016845703125, 5.731844902038574, 5.7348222732543945, 5.7277631759643555, 5.725154399871826, 5.730794906616211, 5.731521129608154, 5.720262050628662, 5.717357158660889, 5.720815658569336, 5.727192401885986, 5.729759693145752, 5.726802825927734]"
