duration,epoch,mrr,hit,loss,loss_evolution
0.13677295446395873,1,1.3392708942244544,14.14141414141414,69.80029249191284,"[5.525601863861084, 5.490264415740967, 5.578589916229248, 5.582852363586426, 5.605941295623779, 5.529616832733154, 5.339996814727783, 5.438814640045166, 5.447427749633789, 5.386992931365967, 5.488882064819336, 5.53626823425293, 3.849043369293213]"
0.13677295446395873,1,1.3392708942244544,14.14141414141414,69.80029249191284,"[5.525601863861084, 5.490264415740967, 5.578589916229248, 5.582852363586426, 5.605941295623779, 5.529616832733154, 5.339996814727783, 5.438814640045166, 5.447427749633789, 5.386992931365967, 5.488882064819336, 5.53626823425293, 3.849043369293213]"
