duration,epoch,mrr,hit,loss,loss_evolution
0.2826643347740173,29,2.797913778305935,7.07070707070707,69.25057458877563,"[5.278850078582764, 5.497067451477051, 5.159658432006836, 5.363495349884033, 5.353079795837402, 5.326696872711182, 5.322115898132324, 5.290394306182861, 5.430828094482422, 5.279567718505859, 5.1425018310546875, 5.317293167114258, 5.489025592803955]"
0.2826643347740173,29,2.797913778305935,7.07070707070707,69.25057458877563,"[5.278850078582764, 5.497067451477051, 5.159658432006836, 5.363495349884033, 5.353079795837402, 5.326696872711182, 5.322115898132324, 5.290394306182861, 5.430828094482422, 5.279567718505859, 5.1425018310546875, 5.317293167114258, 5.489025592803955]"
