duration,epoch,mrr,hit,loss,loss_evolution
0.10043180386225382,0,0.8468022154812661,7.07070707070707,73.85075235366821,"[5.742703437805176, 5.727306365966797, 5.724842071533203, 5.732980728149414, 5.736184597015381, 5.7287797927856445, 5.666266441345215, 5.698040008544922, 5.685949802398682, 5.689152240753174, 5.621982574462891, 5.612264633178711, 5.484299659729004]"
0.10043180386225382,0,0.8468022154812661,7.07070707070707,73.85075235366821,"[5.742703437805176, 5.727306365966797, 5.724842071533203, 5.732980728149414, 5.736184597015381, 5.7287797927856445, 5.666266441345215, 5.698040008544922, 5.685949802398682, 5.689152240753174, 5.621982574462891, 5.612264633178711, 5.484299659729004]"
