duration,epoch,mrr,hit,loss,loss_evolution
0.09696508248647054,0,43.91874207663681,50.505050505050505,73.44340372085571,"[5.656585216522217, 5.661065578460693, 5.663302421569824, 5.666234016418457, 5.652368068695068, 5.636152744293213, 5.658064365386963, 5.635435104370117, 5.633067607879639, 5.627343654632568, 5.638604640960693, 5.646493911743164, 5.668686389923096]"
0.09696508248647054,0,43.91874207663681,50.505050505050505,73.44340372085571,"[5.656585216522217, 5.661065578460693, 5.663302421569824, 5.666234016418457, 5.652368068695068, 5.636152744293213, 5.658064365386963, 5.635435104370117, 5.633067607879639, 5.627343654632568, 5.638604640960693, 5.646493911743164, 5.668686389923096]"
