duration,epoch,mrr,hit,loss,loss_evolution
0.09296493927637736,0,40.15151515151515,42.42424242424242,73.00602102279663,"[5.620803356170654, 5.644145965576172, 5.638432502746582, 5.635953903198242, 5.635648250579834, 5.637845993041992, 5.637940883636475, 5.6231794357299805, 5.621756076812744, 5.6088948249816895, 5.627718925476074, 5.601228713989258, 5.472472190856934]"
0.09296493927637736,0,40.15151515151515,42.42424242424242,73.00602102279663,"[5.620803356170654, 5.644145965576172, 5.638432502746582, 5.635953903198242, 5.635648250579834, 5.637845993041992, 5.637940883636475, 5.6231794357299805, 5.621756076812744, 5.6088948249816895, 5.627718925476074, 5.601228713989258, 5.472472190856934]"
