duration,epoch,mrr,hit,loss
0.12445584138234451,1.3333333333333333,5.913827568336521,5.344952143564828,1.373595720654728
0.12445584138234451,2.0,5.8333812243853735,5.563202573016263,1.4765760393986467
