duration,epoch,mrr,hit,loss
0.11296833886040576,0.0,1.3140047031681255,1.010101010101014,0.06474879624908557
0.11296833886040576,0.0,1.3140047031681255,1.010101010101014,0.06474879624908557
