duration,epoch,mrr,hit,loss
0.09906827078925233,0.0,0.8983645404465586,1.5429547794464122,0.02457082729841807
0.09906827078925233,0.0,0.8983645404465586,1.5429547794464122,0.02457082729841807
