duration,epoch,mrr,hit,loss
167.42321014006933,10,0.0,0.0,0.0
167.42321014006933,7,0.0,0.0,0.0
