duration,epoch,mrr,hit,loss
0.38619640668233235,29.0,0.0,5.555555555555555,68.68133544921875
0.38619640668233235,17.5,0.9104938271604939,0.0,68.87036752700806
