duration,epoch,mrr,hit,loss
0.10464030371771917,0.3333333333333333,1.752924664783188,9.090909090909092,74.29821888605754
0.10464030371771917,0.3333333333333333,1.752924664783188,9.090909090909092,74.29821888605754
