duration,epoch,mrr,hit,loss
0.11434800757302173,0.0,1.8371489741536962,7.407407407407407,74.19056606292725
0.11434800757302173,1.3333333333333333,2.1972515247369047,6.397306397306397,72.05939388275146
