duration,epoch,mrr,hit,loss
0.16588521003723145,11.0,3.1371770216095825,11.784511784511784,70.94637966156006
0.16588521003723145,3.6666666666666665,3.316455803829541,11.447811447811446,70.94963773091634
