duration,epoch,mrr,hit,loss
0.21853138340844047,0.0,1.9744332639929472,9.090909090909092,74.40694491068523
0.21853138340844047,11.666666666666666,3.1081805987206743,6.397306397306397,69.96157582600911
