duration,epoch,mrr,hit,loss
0.23874199390411374,19.333333333333332,34.3399018621835,41.41414141414141,71.49055115381877
0.23874199390411374,19.333333333333332,34.3399018621835,41.41414141414141,71.49055115381877
