duration,epoch,mrr,hit,loss
0.09907490809758501,0.0,40.28557998571602,50.841750841750844,73.35882218678792
0.09907490809758501,0.0,40.28557998571602,50.841750841750844,73.35882218678792
