duration,epoch,mrr,hit,loss
0.1505806816948784,10.333333333333334,26.486084926761038,35.35353535353536,70.97803894678752
0.1505806816948784,10.0,27.005103757183377,35.35353535353536,71.38113292058308
