duration,epoch,mrr,hit,loss
0.10279947386847597,0.0,41.58899178155206,48.821548821548824,73.43936443328857
0.10279947386847597,0.0,41.58899178155206,48.821548821548824,73.43936443328857
