Key,duration,epoch,hit,data
00011,51.85181764364243,0.6,12.321013274177968,yoochoose1_64
