duration,epoch,mrr,hit,loss
51.85181764364243,0.6,2.980191918236565,12.437296504347206,36082.097036552426
51.85181764364243,0.6,3.0274578236490313,12.321013274177968,36252.63110542297
