Key,duration,epoch,mrr,data
00011,51.85181764364243,0.6,2.980191918236565,yoochoose1_64
