duration,epoch,mrr,hit,loss,loss_evolution
0.2616049846013387,29,5.67720859387526,12.121212121212121,69.98014068603516,"[5.455656051635742, 5.369633197784424, 5.358936309814453, 5.389949321746826, 5.435976505279541, 5.340638637542725, 5.415760517120361, 5.288186550140381, 5.386221885681152, 5.388940811157227, 5.317241668701172, 5.4651713371276855, 5.367827892303467]"
0.2616049846013387,6,5.689834856501523,12.121212121212121,70.19892883300781,"[5.383223056793213, 5.338506698608398, 5.401218891143799, 5.445643901824951, 5.4560370445251465, 5.344445705413818, 5.372100353240967, 5.265064239501953, 5.4190673828125, 5.440889835357666, 5.405611038208008, 5.368262767791748, 5.5588579177856445]"
