duration,epoch,mrr,hit,loss,loss_evolution
0.10232936143875122,0,1.467947448339605,10.1010101010101,74.45957708358765,"[5.731612682342529, 5.73427677154541, 5.723891735076904, 5.732079982757568, 5.736067295074463, 5.726065635681152, 5.731055736541748, 5.728256702423096, 5.7203049659729, 5.726281642913818, 5.722011089324951, 5.720532417297363, 5.727140426635742]"
0.10232936143875122,0,1.467947448339605,10.1010101010101,74.45957708358765,"[5.731612682342529, 5.73427677154541, 5.723891735076904, 5.732079982757568, 5.736067295074463, 5.726065635681152, 5.731055736541748, 5.728256702423096, 5.7203049659729, 5.726281642913818, 5.722011089324951, 5.720532417297363, 5.727140426635742]"
