duration,epoch,mrr,hit,loss,loss_evolution
0.10372821887334188,0,0.4816960454215356,5.05050505050505,74.06019830703735,"[5.751932144165039, 5.750884532928467, 5.728592395782471, 5.721240043640137, 5.733003616333008, 5.680572509765625, 5.7210693359375, 5.670441150665283, 5.6065192222595215, 5.6225690841674805, 5.606994152069092, 5.667865753173828, 5.798514366149902]"
0.10372821887334188,1,0.5948372615039282,4.040404040404041,71.19833612442017,"[5.381015777587891, 5.559232711791992, 5.3968400955200195, 5.422854423522949, 5.47567081451416, 5.519102096557617, 5.462381362915039, 5.416635036468506, 5.4261651039123535, 5.537937641143799, 5.5082783699035645, 5.4086174964904785, 5.683605194091797]"
