duration,epoch,mrr,hit,loss,loss_evolution
0.14681068658828736,0,2.791394335511982,8.080808080808081,74.47829532623291,"[5.7306671142578125, 5.7325029373168945, 5.743371486663818, 5.729391098022461, 5.734010696411133, 5.724509239196777, 5.716493129730225, 5.726737022399902, 5.7191057205200195, 5.735621452331543, 5.719151020050049, 5.717233180999756, 5.7495012283325195]"
0.14681068658828736,3,2.802080959975697,7.07070707070707,70.6574034690857,"[5.607785224914551, 5.452859878540039, 5.472601890563965, 5.318851470947266, 5.375265598297119, 5.429467678070068, 5.438541889190674, 5.462140083312988, 5.44089412689209, 5.425212383270264, 5.386620044708252, 5.435642242431641, 5.411520957946777]"
