duration,epoch,mrr,hit,loss,loss_evolution
0.10520732800165812,0,1.4329570211923155,7.07070707070707,73.90669918060303,"[5.7265944480896, 5.730589389801025, 5.734836578369141, 5.7289934158325195, 5.7031025886535645, 5.685774326324463, 5.69972038269043, 5.6724348068237305, 5.6350579261779785, 5.5976057052612305, 5.666037082672119, 5.643116474151611, 5.682836055755615]"
0.10520732800165812,0,1.4329570211923155,7.07070707070707,73.90669918060303,"[5.7265944480896, 5.730589389801025, 5.734836578369141, 5.7289934158325195, 5.7031025886535645, 5.685774326324463, 5.69972038269043, 5.6724348068237305, 5.6350579261779785, 5.5976057052612305, 5.666037082672119, 5.643116474151611, 5.682836055755615]"
