duration,epoch,mrr,hit,loss,loss_evolution
0.11663364966710409,0,32.774170274170274,40.4040404040404,73.24408960342407,"[5.613184928894043, 5.614515781402588, 5.639151573181152, 5.636270046234131, 5.654498100280762, 5.646440029144287, 5.633622646331787, 5.623199939727783, 5.664229869842529, 5.619913101196289, 5.6017656326293945, 5.615533828735352, 5.681764125823975]"
0.11663364966710409,0,32.774170274170274,40.4040404040404,73.24408960342407,"[5.613184928894043, 5.614515781402588, 5.639151573181152, 5.636270046234131, 5.654498100280762, 5.646440029144287, 5.633622646331787, 5.623199939727783, 5.664229869842529, 5.619913101196289, 5.6017656326293945, 5.615533828735352, 5.681764125823975]"
