duration,epoch,mrr,hit,loss,loss_evolution
0.10008362531661988,0,43.01735301735302,49.494949494949495,73.29057264328003,"[5.651693344116211, 5.665375232696533, 5.665719509124756, 5.639916896820068, 5.6477837562561035, 5.641767501831055, 5.659555435180664, 5.640796661376953, 5.635676860809326, 5.642120838165283, 5.638502597808838, 5.648044586181641, 5.513619422912598]"
0.10008362531661988,0,43.01735301735302,49.494949494949495,73.29057264328003,"[5.651693344116211, 5.665375232696533, 5.665719509124756, 5.639916896820068, 5.6477837562561035, 5.641767501831055, 5.659555435180664, 5.640796661376953, 5.635676860809326, 5.642120838165283, 5.638502597808838, 5.648044586181641, 5.513619422912598]"
