duration,epoch,mrr,hit,loss,loss_evolution
0.24995427926381428,29,25.38329136368352,32.323232323232325,70.1223578453064,"[5.398916721343994, 5.488203525543213, 5.361607551574707, 5.4132280349731445, 5.396703720092773, 5.399322986602783, 5.381861686706543, 5.394193649291992, 5.334001064300537, 5.454339504241943, 5.381956577301025, 5.462744235992432, 5.255278587341309]"
0.24995427926381428,29,25.38329136368352,32.323232323232325,70.1223578453064,"[5.398916721343994, 5.488203525543213, 5.361607551574707, 5.4132280349731445, 5.396703720092773, 5.399322986602783, 5.381861686706543, 5.394193649291992, 5.334001064300537, 5.454339504241943, 5.381956577301025, 5.462744235992432, 5.255278587341309]"
