duration,epoch,mrr,hit,loss,loss_evolution
0.09631770849227905,0,40.1546105852326,50.505050505050505,73.33046531677246,"[5.661500930786133, 5.656377792358398, 5.6571221351623535, 5.646903038024902, 5.6516923904418945, 5.647974967956543, 5.656459808349609, 5.6418561935424805, 5.643523693084717, 5.645887851715088, 5.634217739105225, 5.630527973175049, 5.556420803070068]"
0.09631770849227905,0,40.1546105852326,50.505050505050505,73.33046531677246,"[5.661500930786133, 5.656377792358398, 5.6571221351623535, 5.646903038024902, 5.6516923904418945, 5.647974967956543, 5.656459808349609, 5.6418561935424805, 5.643523693084717, 5.645887851715088, 5.634217739105225, 5.630527973175049, 5.556420803070068]"
