duration,epoch,mrr,hit,loss,loss_evolution
0.09776883920033773,0,1.155141155141155,6.0606060606060606,74.50994443893433,"[5.74626350402832, 5.742128849029541, 5.737157821655273, 5.731130599975586, 5.727438926696777, 5.729223251342773, 5.731667518615723, 5.723426342010498, 5.745211124420166, 5.734841346740723, 5.726497650146484, 5.722843170166016, 5.712114334106445]"
0.09776883920033773,0,1.155141155141155,6.0606060606060606,74.50994443893433,"[5.74626350402832, 5.742128849029541, 5.737157821655273, 5.731130599975586, 5.727438926696777, 5.729223251342773, 5.731667518615723, 5.723426342010498, 5.745211124420166, 5.734841346740723, 5.726497650146484, 5.722843170166016, 5.712114334106445]"
