duration,epoch,mrr,hit,loss,loss_evolution
0.12129805088043213,0,1.204198851257675,7.07070707070707,73.99882984161377,"[5.721776962280273, 5.739546298980713, 5.733834266662598, 5.737338066101074, 5.712328910827637, 5.718432426452637, 5.707152843475342, 5.685575485229492, 5.710691452026367, 5.704339981079102, 5.673181056976318, 5.6823883056640625, 5.472243785858154]"
0.12129805088043213,2,1.223692028645589,6.0606060606060606,71.13203620910645,"[5.445112228393555, 5.414012908935547, 5.507482528686523, 5.448555946350098, 5.42477560043335, 5.438568592071533, 5.48249626159668, 5.481196880340576, 5.374250888824463, 5.444143295288086, 5.466805458068848, 5.553942680358887, 5.650692939758301]"
