duration,epoch,mrr,hit,loss,loss_evolution
0.13200339078903198,2,2.1826451651013055,8.080808080808081,69.4367265701294,"[5.3291120529174805, 5.399142265319824, 5.226545810699463, 5.499466419219971, 5.358974456787109, 5.501344680786133, 5.246878147125244, 5.365018367767334, 5.415167808532715, 5.392001152038574, 5.4612016677856445, 5.283484935760498, 4.958388805389404]"
0.13200339078903198,1,2.5058114686597657,8.080808080808081,71.84809732437134,"[5.639867782592773, 5.645904064178467, 5.632925510406494, 5.656594753265381, 5.629359245300293, 5.583468437194824, 5.584791660308838, 5.575103759765625, 5.58229923248291, 5.475934028625488, 5.443903923034668, 5.390902042388916, 5.00704288482666]"
