duration,epoch,mrr,hit,loss,loss_evolution
0.1812905788421631,4,1.2777346110679444,11.11111111111111,69.12212133407593,"[5.210515975952148, 5.324095249176025, 5.4229865074157715, 5.230277061462402, 5.287595272064209, 5.419308662414551, 5.410287857055664, 5.233245849609375, 5.373504638671875, 5.321171283721924, 5.4155354499816895, 5.365051746368408, 5.108545780181885]"
0.1812905788421631,4,1.2777346110679444,11.11111111111111,69.12212133407593,"[5.210515975952148, 5.324095249176025, 5.4229865074157715, 5.230277061462402, 5.287595272064209, 5.419308662414551, 5.410287857055664, 5.233245849609375, 5.373504638671875, 5.321171283721924, 5.4155354499816895, 5.365051746368408, 5.108545780181885]"
