duration,epoch,mrr,hit,loss,loss_evolution
0.10967093308766683,0,41.81101955224762,49.494949494949495,73.39391326904297,"[5.667561054229736, 5.658909797668457, 5.644771575927734, 5.641464710235596, 5.6499152183532715, 5.671225070953369, 5.651876449584961, 5.6499104499816895, 5.637412071228027, 5.6357526779174805, 5.619328498840332, 5.647632598876953, 5.618153095245361]"
0.10967093308766683,0,41.81101955224762,49.494949494949495,73.39391326904297,"[5.667561054229736, 5.658909797668457, 5.644771575927734, 5.641464710235596, 5.6499152183532715, 5.671225070953369, 5.651876449584961, 5.6499104499816895, 5.637412071228027, 5.6357526779174805, 5.619328498840332, 5.647632598876953, 5.618153095245361]"
