duration,epoch,mrr,hit,loss,loss_evolution
0.10517009496688842,0,41.80274971941639,51.515151515151516,73.3552885055542,"[5.662950038909912, 5.653514862060547, 5.655391693115234, 5.6295390129089355, 5.658267974853516, 5.643038272857666, 5.6455841064453125, 5.640371799468994, 5.647526741027832, 5.656599044799805, 5.644045829772949, 5.63123893737793, 5.587220191955566]"
0.10517009496688842,0,41.80274971941639,51.515151515151516,73.3552885055542,"[5.662950038909912, 5.653514862060547, 5.655391693115234, 5.6295390129089355, 5.658267974853516, 5.643038272857666, 5.6455841064453125, 5.640371799468994, 5.647526741027832, 5.656599044799805, 5.644045829772949, 5.63123893737793, 5.587220191955566]"
