duration,epoch,mrr,hit,loss
62.842836083571115,5.0,30.4212151138178,70.1556406311496,14139.429792022705
62.842836083571115,6.2,30.445989345728748,70.14848474006226,14048.946444416046
