duration,epoch,mrr,hit,loss
78.82101216157278,9.2,29.901566938045534,69.42001502737129,14834.459946298599
78.82101216157278,9.0,29.911523223972644,69.39783176500053,14840.49781885147
