duration,epoch,mrr,hit,loss
80.61130279382071,11.8,29.935497341854063,69.46795949765644,14865.923119211197
80.61130279382071,9.8,29.94256223687797,69.45400551003613,14844.516396665573
