duration,epoch,mrr,hit,loss
62.04248169263203,5.2,30.736929704100117,70.561737450356,13808.323772144318
62.04248169263203,5.8,30.753663240133108,70.54492110630076,13793.810208320618
