duration,epoch,mrr,hit,loss
73.8492991256714,10.6,30.436839538478882,69.72092024759384,14542.533932733535
73.8492991256714,5.8,30.447715646157935,69.71197538373465,14564.430786657333
