duration,epoch,mrr,hit,loss
62.86479101339976,4.0,30.539754301573005,70.53025152957173,14252.007832336425
62.86479101339976,8.2,30.615383930307566,70.50198575977673,13868.332304000854
