duration,epoch,mrr,hit,loss
85.61492187102635,10.0,30.23338481505912,69.65150810404666,14566.073904943467
85.61492187102635,13.2,30.29719401102313,69.63326058177395,14459.311508274079
