duration,epoch,mrr,hit,loss
63.69616774479548,4.4,30.697255230033154,70.6179111953916,13977.407140731812
63.69616774479548,6.8,30.724602944240672,70.57891158896561,13855.561256027222
