duration,epoch,mrr,hit,loss,loss_evolution
0.12271316846211751,5,0.9173438195860563,10.1010101010101,69.80457210540771,"[5.3275275230407715, 5.3310160636901855, 5.372023105621338, 5.4820556640625, 5.45955753326416, 5.411672592163086, 5.449406623840332, 5.374547958374023, 5.217662811279297, 5.427100658416748, 5.453927993774414, 5.417782783508301, 5.080290794372559]"
0.12271316846211751,5,0.9173438195860563,10.1010101010101,69.80457210540771,"[5.3275275230407715, 5.3310160636901855, 5.372023105621338, 5.4820556640625, 5.45955753326416, 5.411672592163086, 5.449406623840332, 5.374547958374023, 5.217662811279297, 5.427100658416748, 5.453927993774414, 5.417782783508301, 5.080290794372559]"
