duration,epoch,mrr,hit,loss,loss_evolution
0.10182214180628459,0,2.021379294106567,6.0606060606060606,74.05434656143188,"[5.731415271759033, 5.729853630065918, 5.73768424987793, 5.724733352661133, 5.730363845825195, 5.708347797393799, 5.707625865936279, 5.669323921203613, 5.69040060043335, 5.663659572601318, 5.693991661071777, 5.673052787780762, 5.593894004821777]"
0.10182214180628459,0,2.021379294106567,6.0606060606060606,74.05434656143188,"[5.731415271759033, 5.729853630065918, 5.73768424987793, 5.724733352661133, 5.730363845825195, 5.708347797393799, 5.707625865936279, 5.669323921203613, 5.69040060043335, 5.663659572601318, 5.693991661071777, 5.673052787780762, 5.593894004821777]"
