duration,epoch,mrr,hit,loss,loss_evolution
0.2557273904482524,29,0.8974993778915348,7.07070707070707,67.9049882888794,"[5.310205459594727, 5.193910598754883, 5.126935005187988, 5.1525559425354, 5.2127861976623535, 5.088766098022461, 5.1955084800720215, 5.289669990539551, 5.227658271789551, 5.184779644012451, 5.321988582611084, 5.248284816741943, 5.3519392013549805]"
0.2557273904482524,29,0.8974993778915348,7.07070707070707,67.9049882888794,"[5.310205459594727, 5.193910598754883, 5.126935005187988, 5.1525559425354, 5.2127861976623535, 5.088766098022461, 5.1955084800720215, 5.289669990539551, 5.227658271789551, 5.184779644012451, 5.321988582611084, 5.248284816741943, 5.3519392013549805]"
