duration,epoch,mrr,hit,loss,loss_evolution
0.11751470963160197,0,0.9265271765271764,8.080808080808081,74.25998973846436,"[5.729963779449463, 5.734704494476318, 5.732667446136475, 5.732795238494873, 5.728975296020508, 5.719186305999756, 5.710702896118164, 5.731382369995117, 5.667531967163086, 5.733768939971924, 5.696901798248291, 5.683516025543213, 5.657893180847168]"
0.11751470963160197,0,0.9265271765271764,8.080808080808081,74.25998973846436,"[5.729963779449463, 5.734704494476318, 5.732667446136475, 5.732795238494873, 5.728975296020508, 5.719186305999756, 5.710702896118164, 5.731382369995117, 5.667531967163086, 5.733768939971924, 5.696901798248291, 5.683516025543213, 5.657893180847168]"
