duration,epoch,mrr,hit,loss,loss_evolution
0.2860461552937826,29,3.4011634151187584,9.090909090909092,68.93113565444946,"[5.396322727203369, 5.318260669708252, 5.195932388305664, 5.304121494293213, 5.233609676361084, 5.295652389526367, 5.384990692138672, 5.145845890045166, 5.267013072967529, 5.368323802947998, 5.083200454711914, 5.225939750671387, 5.711922645568848]"
0.2860461552937826,29,3.4011634151187584,9.090909090909092,68.93113565444946,"[5.396322727203369, 5.318260669708252, 5.195932388305664, 5.304121494293213, 5.233609676361084, 5.295652389526367, 5.384990692138672, 5.145845890045166, 5.267013072967529, 5.368323802947998, 5.083200454711914, 5.225939750671387, 5.711922645568848]"
