duration,epoch,mrr,hit,loss,loss_evolution
0.09630214770634969,0,41.62772412772412,48.484848484848484,73.35708570480347,"[5.6416497230529785, 5.671907901763916, 5.654057502746582, 5.640752792358398, 5.652639865875244, 5.649619102478027, 5.6661529541015625, 5.634225368499756, 5.646043300628662, 5.646200656890869, 5.631796360015869, 5.645270824432373, 5.5767693519592285]"
0.09630214770634969,0,41.62772412772412,48.484848484848484,73.35708570480347,"[5.6416497230529785, 5.671907901763916, 5.654057502746582, 5.640752792358398, 5.652639865875244, 5.649619102478027, 5.6661529541015625, 5.634225368499756, 5.646043300628662, 5.646200656890869, 5.631796360015869, 5.645270824432373, 5.5767693519592285]"
