duration,epoch,mrr,hit,loss
167.42321014006933,10,30.209411031425056,69.49801424022326,15191.921637058258
167.42321014006933,7,30.21253319476964,69.48549143082042,15212.059173822405
