duration,epoch,mrr,hit,loss,loss_evolution
0.3261546532313029,29,0.8487654320987654,7.07070707070707,71.84835910797119,"[5.561609268188477, 5.391456127166748, 5.553228378295898, 5.562063694000244, 5.511840343475342, 5.5281081199646, 5.4550461769104, 5.453048229217529, 5.557826995849609, 5.520066738128662, 5.541386604309082, 5.524349212646484, 5.688329219818115]"
0.3261546532313029,0,1.0662177328843996,7.07070707070707,74.49894952774048,"[5.739628314971924, 5.727611064910889, 5.737130641937256, 5.73306941986084, 5.728270053863525, 5.746217727661133, 5.726294994354248, 5.746058940887451, 5.73038387298584, 5.7208099365234375, 5.712749004364014, 5.725517749786377, 5.725207805633545]"
