duration,epoch,mrr,hit,loss,loss_evolution
0.11054151852925619,1,0.9994671269181074,10.1010101010101,70.97843551635742,"[5.498770236968994, 5.393764019012451, 5.6081390380859375, 5.417003154754639, 5.562190532684326, 5.525782585144043, 5.338140964508057, 5.474661350250244, 5.557977199554443, 5.504634857177734, 5.355203151702881, 5.42549991607666, 5.316668510437012]"
0.11054151852925619,1,0.9994671269181074,10.1010101010101,70.97843551635742,"[5.498770236968994, 5.393764019012451, 5.6081390380859375, 5.417003154754639, 5.562190532684326, 5.525782585144043, 5.338140964508057, 5.474661350250244, 5.557977199554443, 5.504634857177734, 5.355203151702881, 5.42549991607666, 5.316668510437012]"
