duration,epoch,mrr,hit,loss,loss_evolution
0.1086957573890686,0,1.2013351407290802,8.080808080808081,74.45884704589844,"[5.735838413238525, 5.733747959136963, 5.729908466339111, 5.722548007965088, 5.728421688079834, 5.733050346374512, 5.723787307739258, 5.72740364074707, 5.724386215209961, 5.7193498611450195, 5.726073741912842, 5.728053569793701, 5.726277828216553]"
0.1086957573890686,0,1.2013351407290802,8.080808080808081,74.45884704589844,"[5.735838413238525, 5.733747959136963, 5.729908466339111, 5.722548007965088, 5.728421688079834, 5.733050346374512, 5.723787307739258, 5.72740364074707, 5.724386215209961, 5.7193498611450195, 5.726073741912842, 5.728053569793701, 5.726277828216553]"
