duration,epoch,mrr,hit,loss,loss_evolution
0.43422186374664307,29,0.6409331409331409,6.0606060606060606,67.16339111328125,"[5.195278167724609, 5.013460159301758, 5.174045562744141, 5.160078525543213, 5.141127109527588, 5.241568088531494, 5.227451324462891, 5.116806507110596, 5.172763824462891, 5.196145057678223, 5.1803297996521, 5.302897930145264, 5.041439056396484]"
0.43422186374664307,8,0.6451418951418951,6.0606060606060606,67.94055700302124,"[5.260589599609375, 5.194314479827881, 5.058375835418701, 5.068014621734619, 5.237086772918701, 5.032469749450684, 5.199296474456787, 5.263815879821777, 5.225973129272461, 5.192020416259766, 5.181041240692139, 5.177384853363037, 5.8501739501953125]"
