duration,epoch,mrr,hit,loss,loss_evolution
0.31210899353027344,0,2.383332156059429,9.090909090909092,74.41309022903442,"[5.736293792724609, 5.734126567840576, 5.733128547668457, 5.718047618865967, 5.730608940124512, 5.731294631958008, 5.7287678718566895, 5.721405506134033, 5.715088367462158, 5.717034816741943, 5.701530933380127, 5.717812538146973, 5.727950096130371]"
0.31210899353027344,29,3.286889361450765,7.07070707070707,68.66366147994995,"[5.214691638946533, 5.344654083251953, 5.344371318817139, 5.369729042053223, 5.371084213256836, 5.3271074295043945, 5.201059341430664, 5.306667327880859, 5.341264724731445, 5.1356987953186035, 5.303771495819092, 5.334062576293945, 5.069499492645264]"
