duration,epoch,mrr,hit,loss,loss_evolution
0.13495653470357258,0,41.96408529741863,48.484848484848484,73.41814756393433,"[5.648738861083984, 5.655828952789307, 5.659808158874512, 5.652616500854492, 5.654788017272949, 5.659893035888672, 5.649429798126221, 5.642711162567139, 5.641002655029297, 5.6449995040893555, 5.622201442718506, 5.637420177459717, 5.648709297180176]"
0.13495653470357258,0,41.96408529741863,48.484848484848484,73.41814756393433,"[5.648738861083984, 5.655828952789307, 5.659808158874512, 5.652616500854492, 5.654788017272949, 5.659893035888672, 5.649429798126221, 5.642711162567139, 5.641002655029297, 5.6449995040893555, 5.622201442718506, 5.637420177459717, 5.648709297180176]"
