duration,epoch,mrr,hit,loss,loss_evolution
0.10517865022023519,0,44.11209991705348,50.505050505050505,73.37263011932373,"[5.652899265289307, 5.673163890838623, 5.6576619148254395, 5.6485090255737305, 5.668633460998535, 5.655465126037598, 5.6486310958862305, 5.63587760925293, 5.6302924156188965, 5.627224922180176, 5.625290393829346, 5.646204948425293, 5.602776050567627]"
0.10517865022023519,0,44.11209991705348,50.505050505050505,73.37263011932373,"[5.652899265289307, 5.673163890838623, 5.6576619148254395, 5.6485090255737305, 5.668633460998535, 5.655465126037598, 5.6486310958862305, 5.63587760925293, 5.6302924156188965, 5.627224922180176, 5.625290393829346, 5.646204948425293, 5.602776050567627]"
