duration,epoch,mrr,hit,loss,loss_evolution
0.10198623339335124,0,34.8339931673265,43.43434343434344,72.99624013900757,"[5.615187168121338, 5.631196975708008, 5.641965866088867, 5.625074863433838, 5.65634298324585, 5.642740249633789, 5.605997085571289, 5.624403476715088, 5.592263698577881, 5.62297248840332, 5.613419055938721, 5.620187282562256, 5.504488945007324]"
0.10198623339335124,0,34.8339931673265,43.43434343434344,72.99624013900757,"[5.615187168121338, 5.631196975708008, 5.641965866088867, 5.625074863433838, 5.65634298324585, 5.642740249633789, 5.605997085571289, 5.624403476715088, 5.592263698577881, 5.62297248840332, 5.613419055938721, 5.620187282562256, 5.504488945007324]"
