duration,epoch,mrr,hit,loss,loss_evolution
0.2985811670621236,29,35.57179674158284,43.43434343434344,72.09786367416382,"[5.559237480163574, 5.547626495361328, 5.537830829620361, 5.590970516204834, 5.545287609100342, 5.564024448394775, 5.5412983894348145, 5.553219795227051, 5.5091400146484375, 5.487182140350342, 5.533781051635742, 5.560948371887207, 5.56731653213501]"
0.2985811670621236,29,35.57179674158284,43.43434343434344,72.09786367416382,"[5.559237480163574, 5.547626495361328, 5.537830829620361, 5.590970516204834, 5.545287609100342, 5.564024448394775, 5.5412983894348145, 5.553219795227051, 5.5091400146484375, 5.487182140350342, 5.533781051635742, 5.560948371887207, 5.56731653213501]"
