duration,epoch,mrr,hit,loss,loss_evolution
0.11599521239598592,2,1.4336547291092745,11.11111111111111,71.08767414093018,"[5.536483287811279, 5.527972221374512, 5.432575225830078, 5.4843668937683105, 5.411391735076904, 5.439210414886475, 5.455082416534424, 5.443437099456787, 5.5175957679748535, 5.438406467437744, 5.513331413269043, 5.4148969650268555, 5.47292423248291]"
0.11599521239598592,2,1.4336547291092745,11.11111111111111,71.08767414093018,"[5.536483287811279, 5.527972221374512, 5.432575225830078, 5.4843668937683105, 5.411391735076904, 5.439210414886475, 5.455082416534424, 5.443437099456787, 5.5175957679748535, 5.438406467437744, 5.513331413269043, 5.4148969650268555, 5.47292423248291]"
