duration,epoch,mrr,hit,loss,loss_evolution
0.11892818609873454,0,1.823523409976173,8.080808080808081,74.21181631088257,"[5.731691360473633, 5.723278045654297, 5.735031604766846, 5.717495918273926, 5.693903923034668, 5.716707706451416, 5.696053504943848, 5.707512378692627, 5.674586296081543, 5.696599006652832, 5.676284313201904, 5.720191478729248, 5.722480773925781]"
0.11892818609873454,2,2.4156772402386437,6.0606060606060606,70.75943660736084,"[5.417661190032959, 5.4929585456848145, 5.430642127990723, 5.429781913757324, 5.510648250579834, 5.546578884124756, 5.396694183349609, 5.46902322769165, 5.347729682922363, 5.324473857879639, 5.376156806945801, 5.4642229080200195, 5.552865028381348]"
