duration,epoch,mrr,hit,loss,loss_evolution
0.10087842146555583,0,1.6923564650837375,9.090909090909092,74.43371915817261,"[5.733705997467041, 5.731693267822266, 5.728292465209961, 5.7321696281433105, 5.735233783721924, 5.731125354766846, 5.721692085266113, 5.7230963706970215, 5.7235636711120605, 5.718911170959473, 5.72568416595459, 5.718939781188965, 5.709611415863037]"
0.10087842146555583,0,1.6923564650837375,9.090909090909092,74.43371915817261,"[5.733705997467041, 5.731693267822266, 5.728292465209961, 5.7321696281433105, 5.735233783721924, 5.731125354766846, 5.721692085266113, 5.7230963706970215, 5.7235636711120605, 5.718911170959473, 5.72568416595459, 5.718939781188965, 5.709611415863037]"
