duration,epoch,mrr,hit,loss,loss_evolution
0.11582417090733846,2,1.4103047821032622,14.14141414141414,69.7598729133606,"[5.328901290893555, 5.438405990600586, 5.365822792053223, 5.327122688293457, 5.339092254638672, 5.412728309631348, 5.2751784324646, 5.42967414855957, 5.4002299308776855, 5.184053421020508, 5.323166370391846, 5.318939685821533, 5.616557598114014]"
0.11582417090733846,2,1.4103047821032622,14.14141414141414,69.7598729133606,"[5.328901290893555, 5.438405990600586, 5.365822792053223, 5.327122688293457, 5.339092254638672, 5.412728309631348, 5.2751784324646, 5.42967414855957, 5.4002299308776855, 5.184053421020508, 5.323166370391846, 5.318939685821533, 5.616557598114014]"
