duration,epoch,mrr,hit,loss,loss_evolution
0.12106956640879313,0,0.6571052404385737,6.0606060606060606,74.36416435241699,"[5.747425556182861, 5.734149932861328, 5.732822895050049, 5.722464561462402, 5.732373237609863, 5.709367275238037, 5.715409755706787, 5.7186055183410645, 5.687352180480957, 5.7091450691223145, 5.711452007293701, 5.679020881652832, 5.764575481414795]"
0.12106956640879313,3,1.2121212121212122,3.0303030303030303,69.21380615234375,"[5.411691665649414, 5.388217926025391, 5.2278547286987305, 5.312051773071289, 5.414513111114502, 5.363900184631348, 5.363727569580078, 5.333561897277832, 5.352827072143555, 5.337703704833984, 5.256410121917725, 5.254411697387695, 5.196934700012207]"
