duration,epoch,mrr,hit,loss,loss_evolution
0.1000522494316101,0,41.387059909787176,51.515151515151516,73.38787174224854,"[5.660837173461914, 5.6416096687316895, 5.657041549682617, 5.65371036529541, 5.64634895324707, 5.649795055389404, 5.650117874145508, 5.639680862426758, 5.634138584136963, 5.653084754943848, 5.653006076812744, 5.639162063598633, 5.609338760375977]"
0.1000522494316101,0,41.387059909787176,51.515151515151516,73.38787174224854,"[5.660837173461914, 5.6416096687316895, 5.657041549682617, 5.65371036529541, 5.64634895324707, 5.649795055389404, 5.650117874145508, 5.639680862426758, 5.634138584136963, 5.653084754943848, 5.653006076812744, 5.639162063598633, 5.609338760375977]"
