duration,epoch,mrr,hit,loss,loss_evolution
0.09464011987050375,0,26.756927135715014,37.37373737373738,73.12230348587036,"[5.666093826293945, 5.618774890899658, 5.611452579498291, 5.644128322601318, 5.618538856506348, 5.626452445983887, 5.664455413818359, 5.635756969451904, 5.616295337677002, 5.593146800994873, 5.603531360626221, 5.613472938537598, 5.610203742980957]"
0.09464011987050375,0,26.756927135715014,37.37373737373738,73.12230348587036,"[5.666093826293945, 5.618774890899658, 5.611452579498291, 5.644128322601318, 5.618538856506348, 5.626452445983887, 5.664455413818359, 5.635756969451904, 5.616295337677002, 5.593146800994873, 5.603531360626221, 5.613472938537598, 5.610203742980957]"
