duration,epoch,mrr,hit,loss,loss_evolution
0.10629631280899048,0,39.663736936464204,46.464646464646464,73.52223348617554,"[5.661536693572998, 5.654473781585693, 5.664799213409424, 5.643046855926514, 5.630094051361084, 5.661126613616943, 5.639803886413574, 5.645725250244141, 5.6532087326049805, 5.634782314300537, 5.651677131652832, 5.629591464996338, 5.7523674964904785]"
0.10629631280899048,0,39.663736936464204,46.464646464646464,73.52223348617554,"[5.661536693572998, 5.654473781585693, 5.664799213409424, 5.643046855926514, 5.630094051361084, 5.661126613616943, 5.639803886413574, 5.645725250244141, 5.6532087326049805, 5.634782314300537, 5.651677131652832, 5.629591464996338, 5.7523674964904785]"
