duration,epoch,mrr,hit,loss,loss_evolution
0.10759938955307007,1,1.8571681729576466,6.0606060606060606,73.8993992805481,"[5.7002034187316895, 5.7008867263793945, 5.681690692901611, 5.691087245941162, 5.690225124359131, 5.700929641723633, 5.678728103637695, 5.6775803565979, 5.673929214477539, 5.6516828536987305, 5.672336578369141, 5.672635078430176, 5.707484245300293]"
0.10759938955307007,1,1.8571681729576466,6.0606060606060606,73.8993992805481,"[5.7002034187316895, 5.7008867263793945, 5.681690692901611, 5.691087245941162, 5.690225124359131, 5.700929641723633, 5.678728103637695, 5.6775803565979, 5.673929214477539, 5.6516828536987305, 5.672336578369141, 5.672635078430176, 5.707484245300293]"
