duration,epoch,mrr,hit,loss,loss_evolution
0.24853362639745077,3,19.318181818181817,25.252525252525253,70.98995208740234,"[5.459607124328613, 5.438060283660889, 5.4218621253967285, 5.482036113739014, 5.4624810218811035, 5.480607986450195, 5.430173873901367, 5.4590678215026855, 5.41701602935791, 5.485743999481201, 5.3861894607543945, 5.464409351348877, 5.602696895599365]"
0.24853362639745077,29,21.035353535353536,24.242424242424242,70.35721015930176,"[5.489634990692139, 5.384363174438477, 5.411656379699707, 5.428788661956787, 5.388471603393555, 5.361505031585693, 5.472834587097168, 5.415799140930176, 5.523683547973633, 5.4188618659973145, 5.431103706359863, 5.400630950927734, 5.229876518249512]"
