duration,epoch,mrr,hit,loss,loss_evolution
0.10560079415639241,0,34.61328976034859,42.42424242424242,73.13643598556519,"[5.620673179626465, 5.644533157348633, 5.608111381530762, 5.628698825836182, 5.615223407745361, 5.64784049987793, 5.6335039138793945, 5.635563850402832, 5.617800235748291, 5.607312202453613, 5.641517162322998, 5.638084888458252, 5.597573280334473]"
0.10560079415639241,0,34.61328976034859,42.42424242424242,73.13643598556519,"[5.620673179626465, 5.644533157348633, 5.608111381530762, 5.628698825836182, 5.615223407745361, 5.64784049987793, 5.6335039138793945, 5.635563850402832, 5.617800235748291, 5.607312202453613, 5.641517162322998, 5.638084888458252, 5.597573280334473]"
