duration,epoch,mrr,hit,loss,loss_evolution
0.10294229984283447,0,40.74388574388574,50.505050505050505,73.40620708465576,"[5.654333114624023, 5.668207168579102, 5.653558731079102, 5.653751850128174, 5.642223358154297, 5.646385669708252, 5.647308349609375, 5.653890609741211, 5.639467239379883, 5.649588108062744, 5.638978481292725, 5.621129035949707, 5.637385368347168]"
0.10294229984283447,0,40.74388574388574,50.505050505050505,73.40620708465576,"[5.654333114624023, 5.668207168579102, 5.653558731079102, 5.653751850128174, 5.642223358154297, 5.646385669708252, 5.647308349609375, 5.653890609741211, 5.639467239379883, 5.649588108062744, 5.638978481292725, 5.621129035949707, 5.637385368347168]"
