duration,epoch,mrr,hit,loss,loss_evolution
0.11298483610153198,0,40.11363636363636,49.494949494949495,73.45265913009644,"[5.662166595458984, 5.65625, 5.6504106521606445, 5.655333995819092, 5.6492719650268555, 5.6539082527160645, 5.647144317626953, 5.6505208015441895, 5.6387619972229, 5.651930332183838, 5.62130880355835, 5.643456935882568, 5.672194480895996]"
0.11298483610153198,0,40.11363636363636,49.494949494949495,73.45265913009644,"[5.662166595458984, 5.65625, 5.6504106521606445, 5.655333995819092, 5.6492719650268555, 5.6539082527160645, 5.647144317626953, 5.6505208015441895, 5.6387619972229, 5.651930332183838, 5.62130880355835, 5.643456935882568, 5.672194480895996]"
