duration,epoch,mrr,hit,loss
0.1407688419024149,29,31.98411805867946,47.474747474747474,67.59818363189697
0.1407688419024149,6,31.991770339059013,47.474747474747474,68.12578201293945
