duration,epoch,mrr,hit,loss
0.1182991822560628,29,52.558652478438574,63.63636363636363,65.8705506324768
0.1182991822560628,29,52.558652478438574,63.63636363636363,65.8705506324768
