duration,epoch,mrr,hit,loss
0.0432324886322021,0,38.007106529833806,53.535353535353536,71.23925495147705
0.0432324886322021,0,38.007106529833806,53.535353535353536,71.23925495147705
