duration,epoch,mrr,hit,loss
0.0439791480700174,0,38.994438914225015,50.505050505050505,71.32787370681763
0.0439791480700174,0,38.994438914225015,50.505050505050505,71.32787370681763
