duration,epoch,mrr,hit,loss
0.0483457088470459,1,18.97543575128245,37.37373737373738,69.49087619781494
0.0483457088470459,1,18.97543575128245,37.37373737373738,69.49087619781494
