duration,epoch,mrr,hit,loss
0.043622342745463,0,38.36343230282624,45.45454545454545,71.74590539932251
0.043622342745463,0,38.36343230282624,45.45454545454545,71.74590539932251
