duration,epoch,mrr,hit,loss
0.0573737819989522,3,18.796314884831634,42.42424242424242,68.16350650787354
0.0573737819989522,0,28.541406993419372,41.41414141414141,72.23482894897461
