duration,epoch,mrr,hit,loss
0.1193863789240519,29,52.998673604734215,63.63636363636363,66.09107398986816
0.1193863789240519,29,52.998673604734215,63.63636363636363,66.09107398986816
