duration,epoch,mrr,hit,loss,loss_evolution
0.10318730274836223,0,1.4270001202405742,15.151515151515152,74.44514417648315,"[5.741101264953613, 5.732482433319092, 5.734634876251221, 5.7252655029296875, 5.731690883636475, 5.729226589202881, 5.724672317504883, 5.730135440826416, 5.7212347984313965, 5.71602725982666, 5.723748207092285, 5.7246599197387695, 5.710264682769775]"
0.10318730274836223,0,1.4270001202405742,15.151515151515152,74.44514417648315,"[5.741101264953613, 5.732482433319092, 5.734634876251221, 5.7252655029296875, 5.731690883636475, 5.729226589202881, 5.724672317504883, 5.730135440826416, 5.7212347984313965, 5.71602725982666, 5.723748207092285, 5.7246599197387695, 5.710264682769775]"
