duration,epoch,mrr,hit,loss,loss_evolution
0.12023314634958902,0,1.5914042384630618,6.0606060606060606,74.33533477783203,"[5.735377311706543, 5.734627723693848, 5.743077278137207, 5.745575428009033, 5.717778205871582, 5.723181247711182, 5.721893787384033, 5.724023818969727, 5.726629257202148, 5.711590766906738, 5.664002895355225, 5.6819071769714355, 5.70566987991333]"
0.12023314634958902,0,1.5914042384630618,6.0606060606060606,74.33533477783203,"[5.735377311706543, 5.734627723693848, 5.743077278137207, 5.745575428009033, 5.717778205871582, 5.723181247711182, 5.721893787384033, 5.724023818969727, 5.726629257202148, 5.711590766906738, 5.664002895355225, 5.6819071769714355, 5.70566987991333]"
