duration,epoch,mrr,hit,loss,loss_evolution
0.10279050668080648,0,41.56325156325156,48.484848484848484,73.34893274307251,"[5.666837215423584, 5.6551594734191895, 5.658764839172363, 5.6465630531311035, 5.642969131469727, 5.656286716461182, 5.6275858879089355, 5.636073112487793, 5.659852504730225, 5.651587009429932, 5.651628017425537, 5.630721569061279, 5.56490421295166]"
0.10279050668080648,0,41.56325156325156,48.484848484848484,73.34893274307251,"[5.666837215423584, 5.6551594734191895, 5.658764839172363, 5.6465630531311035, 5.642969131469727, 5.656286716461182, 5.6275858879089355, 5.636073112487793, 5.659852504730225, 5.651587009429932, 5.651628017425537, 5.630721569061279, 5.56490421295166]"
