Key,duration,epoch,hit,data
0000111111,61.53818913539251,7.0,67.91298436437798,yoochoose1_64
