duration,epoch,mrr,hit,loss
61.53818913539251,5.0,28.33064176933352,67.9677269311961,15588.027889585495
61.53818913539251,7.0,28.371470381081178,67.91298436437798,15465.44167122841
