Key,duration,epoch,mrr,data
0000111111,61.53818913539251,5.0,28.33064176933352,yoochoose1_64
