duration,epoch,mrr,hit,loss,loss_evolution
0.1250270167986552,0,0.7250465583798917,7.07070707070707,74.11895990371704,"[5.73576545715332, 5.738847255706787, 5.723609447479248, 5.722665786743164, 5.714539051055908, 5.713031768798828, 5.716376781463623, 5.707775115966797, 5.6884541511535645, 5.6972551345825195, 5.683720588684082, 5.680126190185547, 5.596793174743652]"
0.1250270167986552,3,1.8985400564347932,5.05050505050505,70.06265687942505,"[5.370334625244141, 5.3483662605285645, 5.456133842468262, 5.511481285095215, 5.4296064376831055, 5.456342697143555, 5.395596981048584, 5.453772068023682, 5.4437055587768555, 5.387144565582275, 5.459023475646973, 5.484310150146484, 4.8668389320373535]"
