duration,epoch,mrr,hit,loss,loss_evolution
0.26317339738210044,1,1.9037598204264872,6.0606060606060606,73.91306018829346,"[5.703519344329834, 5.699143886566162, 5.69191837310791, 5.681279182434082, 5.6902055740356445, 5.688289642333984, 5.692413806915283, 5.660213470458984, 5.702823638916016, 5.691524505615234, 5.693324089050293, 5.660021781921387, 5.658382892608643]"
0.26317339738210044,29,1.9065656565656564,5.05050505050505,73.08082103729248,"[5.6246843338012695, 5.642803192138672, 5.622522354125977, 5.633911609649658, 5.613978862762451, 5.622039794921875, 5.603137016296387, 5.629859447479248, 5.593015670776367, 5.608353137969971, 5.649255752563477, 5.611352920532227, 5.625906944274902]"
