duration,epoch,mrr,hit,loss,loss_evolution
0.10502332051595052,0,1.1832976226915621,8.080808080808081,74.35779047012329,"[5.741373062133789, 5.750884532928467, 5.738234996795654, 5.725098133087158, 5.7380547523498535, 5.735279560089111, 5.72659969329834, 5.72576904296875, 5.730438709259033, 5.71449089050293, 5.709455966949463, 5.708906173706055, 5.6132049560546875]"
0.10502332051595052,0,1.1832976226915621,8.080808080808081,74.35779047012329,"[5.741373062133789, 5.750884532928467, 5.738234996795654, 5.725098133087158, 5.7380547523498535, 5.735279560089111, 5.72659969329834, 5.72576904296875, 5.730438709259033, 5.71449089050293, 5.709455966949463, 5.708906173706055, 5.6132049560546875]"
