duration,epoch,mrr,hit,loss,loss_evolution
0.09350150426228841,0,41.39289722623055,50.505050505050505,73.40997457504272,"[5.653400421142578, 5.662565231323242, 5.649453639984131, 5.650569915771484, 5.644886493682861, 5.643352508544922, 5.646408557891846, 5.64232063293457, 5.644169330596924, 5.644608974456787, 5.638914585113525, 5.645994186401367, 5.643330097198486]"
0.09350150426228841,0,41.39289722623055,50.505050505050505,73.40997457504272,"[5.653400421142578, 5.662565231323242, 5.649453639984131, 5.650569915771484, 5.644886493682861, 5.643352508544922, 5.646408557891846, 5.64232063293457, 5.644169330596924, 5.644608974456787, 5.638914585113525, 5.645994186401367, 5.643330097198486]"
