duration,epoch,mrr,hit,loss,loss_evolution
0.09575284322102864,0,43.74298540965208,49.494949494949495,73.28525066375732,"[5.664719104766846, 5.667617321014404, 5.657605171203613, 5.6696929931640625, 5.642591953277588, 5.647333145141602, 5.6483845710754395, 5.640111923217773, 5.630857944488525, 5.628964424133301, 5.628118515014648, 5.641077995300293, 5.5181756019592285]"
0.09575284322102864,0,43.74298540965208,49.494949494949495,73.28525066375732,"[5.664719104766846, 5.667617321014404, 5.657605171203613, 5.6696929931640625, 5.642591953277588, 5.647333145141602, 5.6483845710754395, 5.640111923217773, 5.630857944488525, 5.628964424133301, 5.628118515014648, 5.641077995300293, 5.5181756019592285]"
