duration,epoch,mrr,hit,loss
0.3754783431688944,29.0,0.0,9.090909090909092,68.10650968551636
0.3754783431688944,2.0,1.726844468072538,0.0,67.934401512146
