duration,epoch,mrr,hit,loss,loss_evolution
0.33367758194605507,29,0.7546059439998833,7.07070707070707,70.48911094665527,"[5.50521993637085, 5.36916971206665, 5.43783712387085, 5.474381923675537, 5.368542671203613, 5.444006443023682, 5.541983127593994, 5.511862277984619, 5.2874884605407715, 5.4250922203063965, 5.375733852386475, 5.309864044189453, 5.437929153442383]"
0.33367758194605507,29,0.7546059439998833,7.07070707070707,70.48911094665527,"[5.50521993637085, 5.36916971206665, 5.43783712387085, 5.474381923675537, 5.368542671203613, 5.444006443023682, 5.541983127593994, 5.511862277984619, 5.2874884605407715, 5.4250922203063965, 5.375733852386475, 5.309864044189453, 5.437929153442383]"
