duration,epoch,mrr,hit,loss,loss_evolution
0.1288972854614258,3,0.8843335313923549,6.0606060606060606,73.26604270935059,"[5.661135673522949, 5.609170913696289, 5.615434169769287, 5.634871959686279, 5.6043548583984375, 5.638261318206787, 5.609732151031494, 5.655896186828613, 5.6300787925720215, 5.652824878692627, 5.626274585723877, 5.622406482696533, 5.705600738525391]"
0.1288972854614258,0,1.002886002886003,6.0606060606060606,74.40645742416382,"[5.733731746673584, 5.731614589691162, 5.734498977661133, 5.736323833465576, 5.73105001449585, 5.723840713500977, 5.724117279052734, 5.719700336456299, 5.734556198120117, 5.725498676300049, 5.720144271850586, 5.720344066619873, 5.671036720275879]"
