duration,epoch,mrr,hit,loss,loss_evolution
0.11032404502232869,0,2.016385174279911,8.080808080808081,74.12948942184448,"[5.732243061065674, 5.721147060394287, 5.726304531097412, 5.7381591796875, 5.703107833862305, 5.702342510223389, 5.72056770324707, 5.668432235717773, 5.692614555358887, 5.705499172210693, 5.685429096221924, 5.6983771324157715, 5.635265350341797]"
0.11032404502232869,1,3.32691999358666,6.0606060606060606,71.70377540588379,"[5.608893871307373, 5.590787887573242, 5.602879524230957, 5.597085952758789, 5.54006814956665, 5.5683393478393555, 5.540393829345703, 5.591426849365234, 5.518679618835449, 5.601775646209717, 5.541192531585693, 5.5844197273254395, 4.8178324699401855]"
