duration,epoch,mrr,hit,loss,loss_evolution
0.14399795532226561,0,0.716796242642945,8.080808080808081,74.11800956726074,"[5.720795154571533, 5.777299404144287, 5.744271278381348, 5.702351093292236, 5.729240894317627, 5.745655059814453, 5.706630229949951, 5.670900344848633, 5.661542892456055, 5.683406829833984, 5.6691412925720215, 5.660910129547119, 5.645864963531494]"
0.14399795532226561,3,0.803708076435349,5.05050505050505,69.25061702728271,"[5.2901716232299805, 5.322688579559326, 5.206445217132568, 5.212947368621826, 5.250537872314453, 5.382542610168457, 5.386642932891846, 5.384281635284424, 5.279209613800049, 5.51138973236084, 5.36440372467041, 5.3582634925842285, 5.301092624664307]"
