duration,epoch,mrr,hit,loss,loss_evolution
0.2937379876772563,0,1.1140439081615554,8.080808080808081,74.39176225662231,"[5.73472785949707, 5.734501838684082, 5.722431182861328, 5.739626884460449, 5.738351345062256, 5.72629451751709, 5.733793258666992, 5.723796367645264, 5.719476222991943, 5.712090492248535, 5.714858531951904, 5.708022594451904, 5.683791160583496]"
0.2937379876772563,29,1.7845117845117844,4.040404040404041,69.53167200088501,"[5.320152759552002, 5.346006393432617, 5.40550422668457, 5.364389419555664, 5.3163065910339355, 5.3759050369262695, 5.193078517913818, 5.450338363647461, 5.1643805503845215, 5.348104953765869, 5.2391462326049805, 5.311713218688965, 5.696645736694336]"
