duration,epoch,mrr,hit,loss,loss_evolution
0.09899338086446126,0,42.50340708674042,49.494949494949495,73.34142875671387,"[5.672277450561523, 5.6567535400390625, 5.653072357177734, 5.65315055847168, 5.654949188232422, 5.6535115242004395, 5.632837295532227, 5.6588544845581055, 5.643756866455078, 5.6296000480651855, 5.633077621459961, 5.630443572998047, 5.569144248962402]"
0.09899338086446126,0,42.50340708674042,49.494949494949495,73.34142875671387,"[5.672277450561523, 5.6567535400390625, 5.653072357177734, 5.65315055847168, 5.654949188232422, 5.6535115242004395, 5.632837295532227, 5.6588544845581055, 5.643756866455078, 5.6296000480651855, 5.633077621459961, 5.630443572998047, 5.569144248962402]"
