duration,epoch,mrr,hit,loss
0.13156544632381859,2.0,1.935067294935325,15.824915824915825,73.06498193740845
0.13156544632381859,2.3333333333333335,2.4222131309647335,14.478114478114477,71.73979806900024
