duration,epoch,mrr,hit,loss
0.17126070261001583,10.0,1.264954579368064,10.437710437710438,73.78954855600993
0.17126070261001583,0.3333333333333333,1.4208640898527378,10.1010101010101,74.22767861684163
