duration,epoch,mrr,hit,loss
0.14453388320075136,1.0,2.4201761575498946,8.417508417508417,72.60176070531209
0.14453388320075136,3.0,2.8911123134705705,6.7340067340067336,69.56333033243816
