duration,epoch,mrr,hit,loss
0.10494618018468214,0.0,41.20024195781772,48.82154882154882,73.39048767089844
0.10494618018468214,0.0,41.20024195781772,48.82154882154882,73.39048767089844
