duration,epoch,mrr,hit,loss
0.12718988656997673,0.0,29.119543578295183,40.4040404040404,72.9822572072347
0.12718988656997673,1.0,29.853855095434984,38.72053872053872,72.07681099573772
